,est_id,est_nm,pool_id,pool_nm
0,257,Abja Spordi- ja Tervisekeskus,402,Abja Spordi-ja Tervisekeskuse väike bassein
1,257,Abja Spordi- ja Tervisekeskus,402,Abja Spordi-ja Tervisekeskuse väike bassein
2,257,Abja Spordi- ja Tervisekeskus,401,Abja Spordi- ja Tervisekeskuse suur bassein
3,257,Abja Spordi- ja Tervisekeskus,401,Abja Spordi- ja Tervisekeskuse suur bassein
4,171,Adeli Terviseklubi,244,Adeli Terviseklubi bassein
5,171,Adeli Terviseklubi,244,Adeli Terviseklubi bassein
6,55,Aqva Hotel & Spa Veekeskus,75,Aqva veekeskuse beebibassein
7,55,Aqva Hotel & Spa Veekeskus,75,Aqva veekeskuse beebibassein
8,55,Aqva Hotel & Spa Veekeskus,509,Aqva veekeskuse külmaveebassein
9,55,Aqva Hotel & Spa Veekeskus,509,Aqva veekeskuse külmaveebassein
10,55,Aqva Hotel & Spa Veekeskus,470,Aqva veekeskuse välibassein
11,55,Aqva Hotel & Spa Veekeskus,470,Aqva veekeskuse välibassein
12,55,Aqva Hotel & Spa Veekeskus,74,Aqva veekeskuse lõbubassein
13,55,Aqva Hotel & Spa Veekeskus,74,Aqva veekeskuse lõbubassein
14,55,Aqva Hotel & Spa Veekeskus,76,Aqva veekeskuse sportbassein
15,55,Aqva Hotel & Spa Veekeskus,76,Aqva veekeskuse sportbassein
16,230,Ardu lasteaed,342,Ardu lasteaed
17,230,Ardu lasteaed,342,Ardu lasteaed
18,75,Arena,93,Arena suur bassein
19,75,Arena,93,Arena suur bassein
20,75,Arena,92,Arena lastebassein
21,75,Arena,92,Arena lastebassein
22,133,Arensburg Welness SPA,178,Arensburg Welness SPA bassein
23,133,Arensburg Welness SPA,178,Arensburg Welness SPA bassein
24,133,Arensburg Welness SPA,343,Arensburg Welness SPA mullivann
25,133,Arensburg Welness SPA,343,Arensburg Welness SPA mullivann
26,64,AS Medicum Tervishoiuteenused ujula,77,AS Medicum Tervishoiuteenused ujula bassein
27,64,AS Medicum Tervishoiuteenused ujula,77,AS Medicum Tervishoiuteenused ujula bassein
28,58,Astangu Kutserehabilitatsiooni Keskuse ujula,467,Astangu Kutserehabilitatsioonikeskuse väikebassein
29,58,Astangu Kutserehabilitatsiooni Keskuse ujula,467,Astangu Kutserehabilitatsioonikeskuse väikebassein
30,58,Astangu Kutserehabilitatsiooni Keskuse ujula,68,Astangu Kutserehabilitatsioonikeskuse bassein
31,58,Astangu Kutserehabilitatsiooni Keskuse ujula,68,Astangu Kutserehabilitatsioonikeskuse bassein
32,273,Atlantis H2O Aquapark (mitte kasutada),448,Atlantis H2O Lainetuse bassein
33,273,Atlantis H2O Aquapark (mitte kasutada),448,Atlantis H2O Lainetuse bassein
34,273,Atlantis H2O Aquapark (mitte kasutada),449,Atlantis H2O Lilla toru bassein
35,273,Atlantis H2O Aquapark (mitte kasutada),449,Atlantis H2O Lilla toru bassein
36,273,Atlantis H2O Aquapark (mitte kasutada),451,Atlantis H2O Mullivann 50cm
37,273,Atlantis H2O Aquapark (mitte kasutada),451,Atlantis H2O Mullivann 50cm
38,273,Atlantis H2O Aquapark (mitte kasutada),450,Atlantis H2O Mullivann 70cm
39,273,Atlantis H2O Aquapark (mitte kasutada),450,Atlantis H2O Mullivann 70cm
40,283,Atlantis H2O Aquapark veekeskus,490,Atlantis H2O lilla toru maandumisbassein
41,283,Atlantis H2O Aquapark veekeskus,490,Atlantis H2O lilla toru maandumisbassein
42,283,Atlantis H2O Aquapark veekeskus,489,Atlantis H2O mullivann
43,283,Atlantis H2O Aquapark veekeskus,489,Atlantis H2O mullivann
44,283,Atlantis H2O Aquapark veekeskus,487,Atlantis H2O ringvoolu bassein
45,283,Atlantis H2O Aquapark veekeskus,487,Atlantis H2O ringvoolu bassein
46,283,Atlantis H2O Aquapark veekeskus,488,Atlantis H2O Expo linnak
47,283,Atlantis H2O Aquapark veekeskus,488,Atlantis H2O Expo linnak
48,101,Audentes Fitness ujula,120,Audentes Fitness mullivann
49,101,Audentes Fitness ujula,120,Audentes Fitness mullivann
50,101,Audentes Fitness ujula,119,Audentes Fitness lastebassein
51,101,Audentes Fitness ujula,119,Audentes Fitness lastebassein
52,101,Audentes Fitness ujula,118,Audentes Fitness suur bassein
53,101,Audentes Fitness ujula,118,Audentes Fitness suur bassein
54,163,August Kitzbergi nimeline Gümnaasiumi ujula,547,August Kitzbergi nimeline gümnaasium lastebassein
55,163,August Kitzbergi nimeline Gümnaasiumi ujula,547,August Kitzbergi nimeline gümnaasium lastebassein
56,163,August Kitzbergi nimeline Gümnaasiumi ujula,235,August Kitzbergi nimeline Gümnaasiumi Bassein
57,163,August Kitzbergi nimeline Gümnaasiumi ujula,235,August Kitzbergi nimeline Gümnaasiumi Bassein
58,74,Aura Veekeskuse ujula,90,Aura Veekeskuse beebibassein
59,74,Aura Veekeskuse ujula,90,Aura Veekeskuse beebibassein
60,74,Aura Veekeskuse ujula,88,Aura Veekeskuse spordibassein
61,74,Aura Veekeskuse ujula,88,Aura Veekeskuse spordibassein
62,74,Aura Veekeskuse ujula,486,Aura veepargi mullivannid
63,74,Aura Veekeskuse ujula,486,Aura veepargi mullivannid
64,74,Aura Veekeskuse ujula,89,Aura Veekeskuse õppebassein
65,74,Aura Veekeskuse ujula,89,Aura Veekeskuse õppebassein
66,74,Aura Veekeskuse ujula,91,Aura Veekeskuse veepargi bassein
67,74,Aura Veekeskuse ujula,91,Aura Veekeskuse veepargi bassein
68,74,Aura Veekeskuse ujula,484,Aura Terviseklubi kuumavee vann
69,74,Aura Veekeskuse ujula,484,Aura Terviseklubi kuumavee vann
70,125,Avinurme ujula,595,Avinurme aleviku veevärk
71,125,Avinurme ujula,595,Avinurme aleviku veevärk
72,125,Avinurme ujula,688,Avinurme puurkaev 25612
73,125,Avinurme ujula,688,Avinurme puurkaev 25612
74,125,Avinurme ujula,168,Avinurme ujula bassein
75,125,Avinurme ujula,168,Avinurme ujula bassein
76,321, Babysport OÜ ujula,614,Bobysport väikelaste teraapia bassein
77,321, Babysport OÜ ujula,614,Bobysport väikelaste teraapia bassein
78,241,City SPA ujula,372,City SPA suur bassein
79,241,City SPA ujula,372,City SPA suur bassein
80,241,City SPA ujula,502,City SPA mullivann
81,241,City SPA ujula,502,City SPA mullivann
82,308,Eesti Massazi ja Teraapiakooli ujula,569,Eesti Massaazi - Teraapiakooli bassein
83,308,Eesti Massazi ja Teraapiakooli ujula,569,Eesti Massaazi - Teraapiakooli bassein
84,281,Eforea SPA ujula,481,Hilton Tallinn Park hotelli mullivann
85,281,Eforea SPA ujula,481,Hilton Tallinn Park hotelli mullivann
86,281,Eforea SPA ujula,480,Hilton Tallinn Park hotelli bassein
87,281,Eforea SPA ujula,480,Hilton Tallinn Park hotelli bassein
88,110,Estonia Spaa- ja Saunakeskus,139,Estonia Spaa- ja Saunakeskuse suur bassein
89,110,Estonia Spaa- ja Saunakeskus,139,Estonia Spaa- ja Saunakeskuse suur bassein
90,110,Estonia Spaa- ja Saunakeskus,140,Estonia Spaa- ja Saunakeskuse rababassein
91,110,Estonia Spaa- ja Saunakeskus,140,Estonia Spaa- ja Saunakeskuse rababassein
92,110,Estonia Spaa- ja Saunakeskus,356,Estonia Surnumere soolaga bassein
93,110,Estonia Spaa- ja Saunakeskus,356,Estonia Surnumere soolaga bassein
94,57,Estonia Termid,66,Estonia Termid suur bassein
95,57,Estonia Termid,66,Estonia Termid suur bassein
96,57,Estonia Termid,365,Estonia Termid lastebassein
97,57,Estonia Termid,365,Estonia Termid lastebassein
98,57,Estonia Termid,65,Estonia Termid jaapani vann
99,57,Estonia Termid,65,Estonia Termid jaapani vann
100,57,Estonia Termid,366,Estonia Termid massaašibassein
101,57,Estonia Termid,366,Estonia Termid massaašibassein
102,57,Estonia Termid,367,Estonia Termid mullivann
103,57,Estonia Termid,367,Estonia Termid mullivann
104,57,Estonia Termid,67,Estonia Termid pudelibassein
105,57,Estonia Termid,67,Estonia Termid pudelibassein
106,96,Fra Mare Thalasso SPA,337,Fra Mare Thalasso SPA mullivann
107,96,Fra Mare Thalasso SPA,337,Fra Mare Thalasso SPA mullivann
108,96,Fra Mare Thalasso SPA,335,Fra Mare Thalasso SPA välibassein
109,96,Fra Mare Thalasso SPA,335,Fra Mare Thalasso SPA välibassein
110,96,Fra Mare Thalasso SPA,336,Fra Mare Thalasso SPA suur bassein
111,96,Fra Mare Thalasso SPA,336,Fra Mare Thalasso SPA suur bassein
112,238,Haabersti tervisekeskus,369,Haabersti Tervisekeskuse suur bassein
113,238,Haabersti tervisekeskus,369,Haabersti Tervisekeskuse suur bassein
114,238,Haabersti tervisekeskus,368,Haabersti Tervisekeskuse imikute bassein
115,238,Haabersti tervisekeskus,368,Haabersti Tervisekeskuse imikute bassein
116,228,Haapsalu Veekeskus,339,Haapsalu veekeskuse laste bassein
117,228,Haapsalu Veekeskus,339,Haapsalu veekeskuse laste bassein
118,228,Haapsalu Veekeskus,338,Haapsalu veekeskuse suur bassein
119,228,Haapsalu Veekeskus,338,Haapsalu veekeskuse suur bassein
120,228,Haapsalu Veekeskus,340,Haapsalu veekeskuse mullivann
121,228,Haapsalu Veekeskus,340,Haapsalu veekeskuse mullivann
122,224,Haljala lasteaed Pesapuu ujula,1123,Haljala Naaritsa puurkaevu veevärk
123,224,Haljala lasteaed Pesapuu ujula,1123,Haljala Naaritsa puurkaevu veevärk
124,224,Haljala lasteaed Pesapuu ujula,1345,Haljala Naaritsa p/k katastri nr 3133
125,224,Haljala lasteaed Pesapuu ujula,1345,Haljala Naaritsa p/k katastri nr 3133
126,224,Haljala lasteaed Pesapuu ujula,330,Haljala lasteaed Pesapuu bassein
127,224,Haljala lasteaed Pesapuu ujula,330,Haljala lasteaed Pesapuu bassein
128,262,Hedon SPA,418,Hedon Spa soolabassein
129,262,Hedon SPA,418,Hedon Spa soolabassein
130,262,Hedon SPA,415,Hedon Spa massažibassein
131,262,Hedon SPA,415,Hedon Spa massažibassein
132,262,Hedon SPA,416,Hedon Spa lastebassein
133,262,Hedon SPA,416,Hedon Spa lastebassein
134,262,Hedon SPA,417,Hedon Spa õuebassein
135,262,Hedon SPA,417,Hedon Spa õuebassein
136,174,Hotell Ecoland,250,Hotell Ecoland
137,174,Hotell Ecoland,250,Hotell Ecoland
138,145,Hotelli Laagna veepark,202,Hotelli Laagna veepargi lastevann
139,145,Hotelli Laagna veepark,202,Hotelli Laagna veepargi lastevann
140,145,Hotelli Laagna veepark,201,Hotelli Laagna veepargi suurvann
141,145,Hotelli Laagna veepark,201,Hotelli Laagna veepargi suurvann
142,282,Hotell Lydia,483,Hotell Lydia bassein
143,282,Hotell Lydia,483,Hotell Lydia bassein
144,303,Hotell Palace lõõgastuskeskus,554,Hotell Palace mullivann
145,303,Hotell Palace lõõgastuskeskus,554,Hotell Palace mullivann
146,303,Hotell Palace lõõgastuskeskus,553,Hotell Palace bassein
147,303,Hotell Palace lõõgastuskeskus,553,Hotell Palace bassein
148,198,Hotell Telegraaf,556,mullivann
149,198,Hotell Telegraaf,556,mullivann
150,198,Hotell Telegraaf,299,Hotell Telegraaf bassein
151,198,Hotell Telegraaf,299,Hotell Telegraaf bassein
152,154,Idakeskuse Spordiklubi,219,Idakeskuse Spordiklubi bassein
153,154,Idakeskuse Spordiklubi,219,Idakeskuse Spordiklubi bassein
154,126,Ida-Viru Keskhaigla ujula,169,Ida-Viru Keskhaigla ravibassein
155,126,Ida-Viru Keskhaigla ujula,169,Ida-Viru Keskhaigla ravibassein
156,187,Inglise Kolledži Spordihoone,283,Inglise Kolledži Spordihoone bassein
157,187,Inglise Kolledži Spordihoone,283,Inglise Kolledži Spordihoone bassein
158,291,Järveküla Spordihoone,508,Järveküla Spordihoone väike bassein
159,291,Järveküla Spordihoone,508,Järveküla Spordihoone väike bassein
160,291,Järveküla Spordihoone,507,Järveküla Spordihoone suur bassein
161,291,Järveküla Spordihoone,507,Järveküla Spordihoone suur bassein
162,285,Jõgeva Haigla taastusravi vesivõimlemise bassein,493,Jõgeva Haigla taastusravi vesivõimlemise bassein
163,285,Jõgeva Haigla taastusravi vesivõimlemise bassein,493,Jõgeva Haigla taastusravi vesivõimlemise bassein
164,178,Johan SPA Hotelli veekeskus,479,Välibassein
165,178,Johan SPA Hotelli veekeskus,479,Välibassein
166,178,Johan SPA Hotelli veekeskus,258,Johan SPA hotelli  sisebassein
167,178,Johan SPA Hotelli veekeskus,258,Johan SPA hotelli  sisebassein
168,124,Jõhvi Eesti Põhikooli ujula,758,Jõhvi linna veevärk
169,124,Jõhvi Eesti Põhikooli ujula,758,Jõhvi linna veevärk
170,124,Jõhvi Eesti Põhikooli ujula,167,Jõhvi Põhikooli bassein
171,124,Jõhvi Eesti Põhikooli ujula,167,Jõhvi Põhikooli bassein
172,319,Jõhvi Põhikooli ujula,606,Jõhvi Spordikooli bassein
173,319,Jõhvi Põhikooli ujula,606,Jõhvi Spordikooli bassein
174,137,Jõhvi Vene Põhikooli ujula,186,Jõhvi Vene Põhikooli bassein
175,137,Jõhvi Vene Põhikooli ujula,186,Jõhvi Vene Põhikooli bassein
176,183,Jüri Spordihoone,270,Jüri Spordihoone suur bassein
177,183,Jüri Spordihoone,270,Jüri Spordihoone suur bassein
178,183,Jüri Spordihoone,272,Jüri Spordihoone  mullivann
179,183,Jüri Spordihoone,272,Jüri Spordihoone  mullivann
180,183,Jüri Spordihoone,271,Jüri Spordihoone lastebassein
181,183,Jüri Spordihoone,271,Jüri Spordihoone lastebassein
182,226,Kadrina Spordikeskuse ujula,332,Kadrina Spordikeskuse sportbassein
183,226,Kadrina Spordikeskuse ujula,332,Kadrina Spordikeskuse sportbassein
184,226,Kadrina Spordikeskuse ujula,333,Kadrina Spordikeskuse lastebassein
185,226,Kadrina Spordikeskuse ujula,333,Kadrina Spordikeskuse lastebassein
186,226,Kadrina Spordikeskuse ujula,561,Kadrina Spordikeskuse beebibassein
187,226,Kadrina Spordikeskuse ujula,561,Kadrina Spordikeskuse beebibassein
188,67,Käina Ujula,101,Käina ujula väike bassein
189,67,Käina Ujula,101,Käina ujula väike bassein
190,67,Käina Ujula,81,Käina ujula suur bassein
191,67,Käina Ujula,81,Käina ujula suur bassein
192,180,Kalev SPA Hotell & Veekeskus,261,Kalevi Veekeskuse ringvoolu bassein
193,180,Kalev SPA Hotell & Veekeskus,261,Kalevi Veekeskuse ringvoolu bassein
194,180,Kalev SPA Hotell & Veekeskus,262,Kalevi Veekeskuse väikelaste mänguala
195,180,Kalev SPA Hotell & Veekeskus,262,Kalevi Veekeskuse väikelaste mänguala
196,180,Kalev SPA Hotell & Veekeskus,264,Kalevi Veekeskuse lastebassein
197,180,Kalev SPA Hotell & Veekeskus,264,Kalevi Veekeskuse lastebassein
198,180,Kalev SPA Hotell & Veekeskus,607,Kalevi Saunakeskuse massaažibassein
199,180,Kalev SPA Hotell & Veekeskus,607,Kalevi Saunakeskuse massaažibassein
200,180,Kalev SPA Hotell & Veekeskus,263,Kalevi Veekeskuse treening ja õpetusbassein
201,180,Kalev SPA Hotell & Veekeskus,263,Kalevi Veekeskuse treening ja õpetusbassein
202,180,Kalev SPA Hotell & Veekeskus,260,Kalevi Veekeskuse 50 m bassein
203,180,Kalev SPA Hotell & Veekeskus,260,Kalevi Veekeskuse 50 m bassein
204,180,Kalev SPA Hotell & Veekeskus,408,Kalevi Veekeskuse pikk mullivann
205,180,Kalev SPA Hotell & Veekeskus,408,Kalevi Veekeskuse pikk mullivann
206,180,Kalev SPA Hotell & Veekeskus,608,Kalevi Saunakeskuse vannid
207,180,Kalev SPA Hotell & Veekeskus,608,Kalevi Saunakeskuse vannid
208,180,Kalev SPA Hotell & Veekeskus,609,Kalevi Saunakeskuse jaapanivann
209,180,Kalev SPA Hotell & Veekeskus,609,Kalevi Saunakeskuse jaapanivann
210,252,Kallemäe Kooli ujula,388,Kallemäe kooli ujula bassein
211,252,Kallemäe Kooli ujula,388,Kallemäe kooli ujula bassein
212,119,Kastani Lasteaia ujula,160,Kastani Lasteaia bassein
213,119,Kastani Lasteaia ujula,160,Kastani Lasteaia bassein
214,90,Kehtna Lasteaed Siller,109,Kehtna lasteaed Siller bassein
215,90,Kehtna Lasteaed Siller,109,Kehtna lasteaed Siller bassein
216,181,Keila Tervisekeskus,266,Keila Tervisekeskuse väike bassein
217,181,Keila Tervisekeskus,266,Keila Tervisekeskuse väike bassein
218,181,Keila Tervisekeskus,265,Keila Tervisekeskuse suur bassein
219,181,Keila Tervisekeskus,265,Keila Tervisekeskuse suur bassein
220,181,Keila Tervisekeskus,267,Keila Tervisekeskuse mullivann
221,181,Keila Tervisekeskus,267,Keila Tervisekeskuse mullivann
222,109,Kesklinna Lastepolikliiniku ujula,137,Kesklinna Lastepolikliiniku A-bassein
223,109,Kesklinna Lastepolikliiniku ujula,137,Kesklinna Lastepolikliiniku A-bassein
224,109,Kesklinna Lastepolikliiniku ujula,136,Kesklinna Lastepolikliiniku suur bassein
225,109,Kesklinna Lastepolikliiniku ujula,136,Kesklinna Lastepolikliiniku suur bassein
226,109,Kesklinna Lastepolikliiniku ujula,138,Kesklinna Lastepolikliiniku B-bassein
227,109,Kesklinna Lastepolikliiniku ujula,138,Kesklinna Lastepolikliiniku B-bassein
228,218,Kiili lasteaed,323,Kiili Lasteaed
229,218,Kiili lasteaed,323,Kiili Lasteaed
230,123,Kiviõli I Keskkooli ujula,692,Kiviõli linna veevärk
231,123,Kiviõli I Keskkooli ujula,692,Kiviõli linna veevärk
232,123,Kiviõli I Keskkooli ujula,829,Kiviõli linna Vabaduse tee 16 puurkaev 2298 (nr 36)
233,123,Kiviõli I Keskkooli ujula,829,Kiviõli linna Vabaduse tee 16 puurkaev 2298 (nr 36)
234,123,Kiviõli I Keskkooli ujula,832,Kiviõli linna Aasta tn puurkaev 2327 (nr 71)
235,123,Kiviõli I Keskkooli ujula,832,Kiviõli linna Aasta tn puurkaev 2327 (nr 71)
236,123,Kiviõli I Keskkooli ujula,831,Kiviõli linna Soo-Võidu tn puurkaev 2308 (nr 41)- reservis
237,123,Kiviõli I Keskkooli ujula,831,Kiviõli linna Soo-Võidu tn puurkaev 2308 (nr 41)- reservis
238,123,Kiviõli I Keskkooli ujula,830,Kiviõli linna Soo 13 puurkaev 2299 (nr 38)
239,123,Kiviõli I Keskkooli ujula,830,Kiviõli linna Soo 13 puurkaev 2299 (nr 38)
240,123,Kiviõli I Keskkooli ujula,164,Kiviõli 1. Keskkooli bassein
241,123,Kiviõli I Keskkooli ujula,164,Kiviõli 1. Keskkooli bassein
242,317,Klondaik peo- ja pulmakeskuse saunakeskus,603,Väike bassein
243,317,Klondaik peo- ja pulmakeskuse saunakeskus,603,Väike bassein
244,317,Klondaik peo- ja pulmakeskuse saunakeskus,602,Suur bassein
245,317,Klondaik peo- ja pulmakeskuse saunakeskus,602,Suur bassein
246,135,Kohtla-Järve Järve Kooli ujula,184,Kohtla-Järve Järve Kooli bassein
247,135,Kohtla-Järve Järve Kooli ujula,184,Kohtla-Järve Järve Kooli bassein
248,108,Kohtla-Järve Maleva Põhikooli ujula,747,Kohtla-Järve Ahtme lo veevärk
249,108,Kohtla-Järve Maleva Põhikooli ujula,747,Kohtla-Järve Ahtme lo veevärk
250,108,Kohtla-Järve Maleva Põhikooli ujula,135,Maleva Põhikooli ujumisbassein
251,108,Kohtla-Järve Maleva Põhikooli ujula,135,Maleva Põhikooli ujumisbassein
252,130,Kohtla-Järve Spordikeskuse siseujula,175,Kohtla-Järve Spordikeskuse bassein
253,130,Kohtla-Järve Spordikeskuse siseujula,175,Kohtla-Järve Spordikeskuse bassein
254,107,Kohtla-Järve Tammiku Põhikooli ujula,134,Tammiku Põhikooli ujumisbassein
255,107,Kohtla-Järve Tammiku Põhikooli ujula,134,Tammiku Põhikooli ujumisbassein
256,168,Kose Spordimaja,237,Kose Spordimaja suur bassein
257,168,Kose Spordimaja,237,Kose Spordimaja suur bassein
258,168,Kose Spordimaja,567,Kose Spordimaja väike bassein
259,168,Kose Spordimaja,567,Kose Spordimaja väike bassein
260,168,Kose Spordimaja,568,Kose Spordimaja massaažibassein
261,168,Kose Spordimaja,568,Kose Spordimaja massaažibassein
262,301,Kreutzwald Hotel Tallinn Zen-SPA,549,Kreutzwaldi Zen-SPA jaapani bassein
263,301,Kreutzwald Hotel Tallinn Zen-SPA,549,Kreutzwaldi Zen-SPA jaapani bassein
264,240,Kristiine spordihalli ujula,371,Kristiine spordikeskuse bassein
265,240,Kristiine spordihalli ujula,371,Kristiine spordikeskuse bassein
266,232,Kubija hotell- loodusspaa,350,Mullivann
267,232,Kubija hotell- loodusspaa,350,Mullivann
268,232,Kubija hotell- loodusspaa,501,Kubija Spaa kuum veesilm
269,232,Kubija hotell- loodusspaa,501,Kubija Spaa kuum veesilm
270,232,Kubija hotell- loodusspaa,348,Soolane veesilm
271,232,Kubija hotell- loodusspaa,348,Soolane veesilm
272,232,Kubija hotell- loodusspaa,346,Kubija Spaa madal veesilm (laste bassein)
273,232,Kubija hotell- loodusspaa,346,Kubija Spaa madal veesilm (laste bassein)
274,232,Kubija hotell- loodusspaa,349,Kuum veesilm
275,232,Kubija hotell- loodusspaa,349,Kuum veesilm
276,232,Kubija hotell- loodusspaa,500,Kubija Spaa mullidega veesilm (mullivann nr 1)
277,232,Kubija hotell- loodusspaa,500,Kubija Spaa mullidega veesilm (mullivann nr 1)
278,232,Kubija hotell- loodusspaa,347,Kubija Spaa suur veesilm
279,232,Kubija hotell- loodusspaa,347,Kubija Spaa suur veesilm
280,232,Kubija hotell- loodusspaa,439,Kubija Spaa mullidega veesilm (uus mullivann nr 2)
281,232,Kubija hotell- loodusspaa,439,Kubija Spaa mullidega veesilm (uus mullivann nr 2)
282,206,Kunda Spordikeskuse ujula,530,Kunda Spordikeskuse mullivann
283,206,Kunda Spordikeskuse ujula,530,Kunda Spordikeskuse mullivann
284,206,Kunda Spordikeskuse ujula,310,Kunda Spordikeskuse ujula sportbassein
285,206,Kunda Spordikeskuse ujula,310,Kunda Spordikeskuse ujula sportbassein
286,206,Kunda Spordikeskuse ujula,311,Kunda Spordikeskuse ujula lastebassein
287,206,Kunda Spordikeskuse ujula,311,Kunda Spordikeskuse ujula lastebassein
288,105,Kuremaa ujula ,324,Kuremaa aleviku ühisveevõrk
289,105,Kuremaa ujula ,324,Kuremaa aleviku ühisveevõrk
290,105,Kuremaa ujula ,550,Kuremaa ujula SPA bassein
291,105,Kuremaa ujula ,550,Kuremaa ujula SPA bassein
292,105,Kuremaa ujula ,129,Kuremaa ujula laste bassein
293,105,Kuremaa ujula ,129,Kuremaa ujula laste bassein
294,105,Kuremaa ujula ,130,Kuremaa ujula suur bassein
295,105,Kuremaa ujula ,130,Kuremaa ujula suur bassein
296,105,Kuremaa ujula ,536,Kuremaa ujula beebi bassein
297,105,Kuremaa ujula ,536,Kuremaa ujula beebi bassein
298,105,Kuremaa ujula ,535,Kuremaa ujula ringvoolu bassein
299,105,Kuremaa ujula ,535,Kuremaa ujula ringvoolu bassein
300,165,Kuressaare Gümnaasiumi ujula,232,KG ujula bassein
301,165,Kuressaare Gümnaasiumi ujula,232,KG ujula bassein
302,136,Kuressaare Haigla ujula,185,Kuressaare Haigla ujula bassein
303,136,Kuressaare Haigla ujula,185,Kuressaare Haigla ujula bassein
304,268,Kurtna Kooli lasteaia ujula,435,Kurtna Kooli lasteaia bassein
305,268,Kurtna Kooli lasteaia ujula,435,Kurtna Kooli lasteaia bassein
306,192,Kuusalu Keskkool,289,Kuusalu Keskkooli väike bassein
307,192,Kuusalu Keskkool,289,Kuusalu Keskkooli väike bassein
308,192,Kuusalu Keskkool,288,Kuusalu Keskkooli suur bassein
309,192,Kuusalu Keskkool,288,Kuusalu Keskkooli suur bassein
310,182,Laagri Haridus ja Spordikeskus,269,Laagri Spordikeskuse väike bassein
311,182,Laagri Haridus ja Spordikeskus,269,Laagri Spordikeskuse väike bassein
312,182,Laagri Haridus ja Spordikeskus,268,Laagri Spordikeskuse suur bassein
313,182,Laagri Haridus ja Spordikeskus,268,Laagri Spordikeskuse suur bassein
314,148,Lääne-Harju Spordikeskus,206,Lääne-Harju Spordikeskuse bassein
315,148,Lääne-Harju Spordikeskus,206,Lääne-Harju Spordikeskuse bassein
316,149,Lääne-Tallinna Keskhaigla Perekeskus,207,Perekeskus
317,149,Lääne-Tallinna Keskhaigla Perekeskus,207,Perekeskus
318,47,Laine SPA,362,Laine SPA mullivann
319,47,Laine SPA,362,Laine SPA mullivann
320,47,Laine SPA,344,Laine SPA bassein
321,47,Laine SPA,344,Laine SPA bassein
322,305,Lammasmäe Puhkekeskuse ujula,560,Lammasmäe Puhkekeskuse bassein
323,305,Lammasmäe Puhkekeskuse ujula,560,Lammasmäe Puhkekeskuse bassein
324,191,Lasnamäe Gümnaasium,287,Lasnamäe Gümnaasium bassein
325,191,Lasnamäe Gümnaasium,287,Lasnamäe Gümnaasium bassein
326,292,Lasnamäe Tervisekeskuse Taastusravi ujula,531,Lasnamäe Tervisekeskuse Taastusravi ujula bassein
327,292,Lasnamäe Tervisekeskuse Taastusravi ujula,531,Lasnamäe Tervisekeskuse Taastusravi ujula bassein
328,217,Lasteaed Mesipuu,322,Lasteaed Mesipuu
329,217,Lasteaed Mesipuu,322,Lasteaed Mesipuu
330,215,Lasteaed Naba bassein,320,Lasteaed Naba
331,215,Lasteaed Naba bassein,320,Lasteaed Naba
332,120,Lasteaed Pöialpoiss ujula,162,Lasteaed Pöialpoiss bassein
333,120,Lasteaed Pöialpoiss ujula,162,Lasteaed Pöialpoiss bassein
334,179,Lastehaigla taastusravi bassein,259,Lastehaigla taastusravi bassein
335,179,Lastehaigla taastusravi bassein,259,Lastehaigla taastusravi bassein
336,196,Laulasmaa SPA,1136,Laulasmaa veevärk
337,196,Laulasmaa SPA,1136,Laulasmaa veevärk
338,196,Laulasmaa SPA,1355,Laulasmaa SPA puurkaev
339,196,Laulasmaa SPA,1355,Laulasmaa SPA puurkaev
340,196,Laulasmaa SPA,465,Laulasmaa SPA jaapanivann
341,196,Laulasmaa SPA,465,Laulasmaa SPA jaapanivann
342,196,Laulasmaa SPA,296,Laulasmaa SPA mullivann
343,196,Laulasmaa SPA,296,Laulasmaa SPA mullivann
344,196,Laulasmaa SPA,413,Laulasmaa SPA  atraktsiooni bassein
345,196,Laulasmaa SPA,413,Laulasmaa SPA  atraktsiooni bassein
346,196,Laulasmaa SPA,295,Laulasmaa SPA lastebassein
347,196,Laulasmaa SPA,295,Laulasmaa SPA lastebassein
348,196,Laulasmaa SPA,294,Laulasmaa SPA suur bassein
349,196,Laulasmaa SPA,294,Laulasmaa SPA suur bassein
350,196,Laulasmaa SPA,414,Laulasmaa SPA välibassein
351,196,Laulasmaa SPA,414,Laulasmaa SPA välibassein
352,267,Lavendel SPA Hoteli veekeskus,429,Lavendel SPA jaapani vann
353,267,Lavendel SPA Hoteli veekeskus,429,Lavendel SPA jaapani vann
354,267,Lavendel SPA Hoteli veekeskus,431,Lavendel SPA külmaveeauk
355,267,Lavendel SPA Hoteli veekeskus,431,Lavendel SPA külmaveeauk
356,267,Lavendel SPA Hoteli veekeskus,428,Lavendel SPA kümblusbassein
357,267,Lavendel SPA Hoteli veekeskus,428,Lavendel SPA kümblusbassein
358,267,Lavendel SPA Hoteli veekeskus,430,Lavendel SPA mullivann
359,267,Lavendel SPA Hoteli veekeskus,430,Lavendel SPA mullivann
360,164,Leisi Keskkooli ujula,231,Leisi Keskkooli ujula bassein
361,164,Leisi Keskkooli ujula,231,Leisi Keskkooli ujula bassein
362,309,Liivarand Spa Hotelli vee- ja saunakeskus,571,Liivarand Spa soolabassein
363,309,Liivarand Spa Hotelli vee- ja saunakeskus,571,Liivarand Spa soolabassein
364,309,Liivarand Spa Hotelli vee- ja saunakeskus,570,Liivarand Spa põhibassein
365,309,Liivarand Spa Hotelli vee- ja saunakeskus,570,Liivarand Spa põhibassein
366,309,Liivarand Spa Hotelli vee- ja saunakeskus,572,Liivarand Spa lastebassein mullivanniga
367,309,Liivarand Spa Hotelli vee- ja saunakeskus,572,Liivarand Spa lastebassein mullivanniga
368,310,Linnamäe tee 3 ujula,573,Linnamäe tee 3 ujula bassein
369,310,Linnamäe tee 3 ujula,573,Linnamäe tee 3 ujula bassein
370,258,Loksa Lasteaed Õnnetriinu,406,Loksa Lasteaed Õnnetriinu
371,258,Loksa Lasteaed Õnnetriinu,406,Loksa Lasteaed Õnnetriinu
372,219,Loksa Spordikeskuse ujula,564,Loksa ujula mullivann
373,219,Loksa Spordikeskuse ujula,564,Loksa ujula mullivann
374,219,Loksa Spordikeskuse ujula,324,Loksa ujula suur bassein
375,219,Loksa Spordikeskuse ujula,324,Loksa ujula suur bassein
376,219,Loksa Spordikeskuse ujula,325,Loksa ujula väike bassein
377,219,Loksa Spordikeskuse ujula,325,Loksa ujula väike bassein
378,222,Loksa üksus (ravikeskus),328,Loksa üksus (ravikeskus)
379,222,Loksa üksus (ravikeskus),328,Loksa üksus (ravikeskus)
380,234,"Loodusravi- ja puhkekeskuse ""Loodus"" ujula",353,"Loodusravi-ja Puhkekeskuse ""Loodus"" ujula bassein"
381,234,"Loodusravi- ja puhkekeskuse ""Loodus"" ujula",353,"Loodusravi-ja Puhkekeskuse ""Loodus"" ujula bassein"
382,195,Loo ujula,293,Loo ujula väike bassein
383,195,Loo ujula,293,Loo ujula väike bassein
384,195,Loo ujula,292,Loo ujula suur bassein
385,195,Loo ujula,292,Loo ujula suur bassein
386,318,Lossispaa Wagenküll ujula,223,Taagepera Lossi ühisveevärk
387,318,Lossispaa Wagenküll ujula,223,Taagepera Lossi ühisveevärk
388,318,Lossispaa Wagenküll ujula,249,Taagepera Loss OÜ puurkaev
389,318,Lossispaa Wagenküll ujula,249,Taagepera Loss OÜ puurkaev
390,318,Lossispaa Wagenküll ujula,604,Lossispaa Wagenküll bassein
391,318,Lossispaa Wagenküll ujula,604,Lossispaa Wagenküll bassein
392,318,Lossispaa Wagenküll ujula,605,Lossispaa Wagenküll mullivann
393,318,Lossispaa Wagenküll ujula,605,Lossispaa Wagenküll mullivann
394,84,Lõuna-Eesti Haigla taastusravi osakonna ujula,104,Taastusravi bassein
395,84,Lõuna-Eesti Haigla taastusravi osakonna ujula,104,Taastusravi bassein
396,161,Maardu Spordikeskus,229,Maardu Spordikeskuse lastebassein
397,161,Maardu Spordikeskus,229,Maardu Spordikeskuse lastebassein
398,161,Maardu Spordikeskus,230,Maardu Spordikeskuse hüdrobassein
399,161,Maardu Spordikeskus,230,Maardu Spordikeskuse hüdrobassein
400,161,Maardu Spordikeskus,228,Maardu Spordikeskuse suur bassein
401,161,Maardu Spordikeskus,228,Maardu Spordikeskuse suur bassein
402,131,Mäetaguse Mõisahotelli Supelmaja,179,Mäetaguse supelmaja massaaži- ja lastebassein
403,131,Mäetaguse Mõisahotelli Supelmaja,179,Mäetaguse supelmaja massaaži- ja lastebassein
404,131,Mäetaguse Mõisahotelli Supelmaja,176,Mäetaguse supelmaja ujumisbassein
405,131,Mäetaguse Mõisahotelli Supelmaja,176,Mäetaguse supelmaja ujumisbassein
406,220,Magdaleena üksus (Hea Tervise Keskus),326,Magdaleena üksus (Hea Tervise Keskus)
407,220,Magdaleena üksus (Hea Tervise Keskus),326,Magdaleena üksus (Hea Tervise Keskus)
408,220,Magdaleena üksus (Hea Tervise Keskus),563,Magdaleena üksus mullivann
409,220,Magdaleena üksus (Hea Tervise Keskus),563,Magdaleena üksus mullivann
410,237,Maidla lasteaia ujula,472,Maidla küla veevärk
411,237,Maidla lasteaia ujula,472,Maidla küla veevärk
412,237,Maidla lasteaia ujula,593,Maidla küla (kooli) puurkaev kat nr 14898
413,237,Maidla lasteaia ujula,593,Maidla küla (kooli) puurkaev kat nr 14898
414,237,Maidla lasteaia ujula,364,Maidla lasteaia valgus- ja veeteraapia bassein
415,237,Maidla lasteaia ujula,364,Maidla lasteaia valgus- ja veeteraapia bassein
416,117,Mai Lasteaia ujula,158,Mai Lasteaia bassein
417,117,Mai Lasteaia ujula,158,Mai Lasteaia bassein
418,162,Männimäe lasteaia ujula,236,Männimäe lasteaia bassein
419,162,Männimäe lasteaia ujula,236,Männimäe lasteaia bassein
420,93,Märjamaa Spordimaja ujula,112,Märjamaa suur bassein
421,93,Märjamaa Spordimaja ujula,112,Märjamaa suur bassein
422,93,Märjamaa Spordimaja ujula,113,Märjamaa väike bassein
423,93,Märjamaa Spordimaja ujula,113,Märjamaa väike bassein
424,144,Meresuu Spa-Hotelli ujula,198,"Meresuu spahotelli lastebassein, atraktsioonibassein, mullivann"
425,144,Meresuu Spa-Hotelli ujula,198,"Meresuu spahotelli lastebassein, atraktsioonibassein, mullivann"
426,144,Meresuu Spa-Hotelli ujula,200,Meresuu spahotelli lamamisvann ja sauna mullivann
427,144,Meresuu Spa-Hotelli ujula,200,Meresuu spahotelli lamamisvann ja sauna mullivann
428,144,Meresuu Spa-Hotelli ujula,199,Meresuu spahotelli mullivann
429,144,Meresuu Spa-Hotelli ujula,199,Meresuu spahotelli mullivann
430,144,Meresuu Spa-Hotelli ujula,197,Meresuu spahotelli atraktsioonibassein
431,144,Meresuu Spa-Hotelli ujula,197,Meresuu spahotelli atraktsioonibassein
432,144,Meresuu Spa-Hotelli ujula,196,Meresuu spahotelli ujumisbassein
433,144,Meresuu Spa-Hotelli ujula,196,Meresuu spahotelli ujumisbassein
434,296,Merimetsa taastusravi ujula,540,Merimetsa taastusravi ujula bassein
435,296,Merimetsa taastusravi ujula,540,Merimetsa taastusravi ujula bassein
436,288,Merivälja Kooli ujula,504,Merivälja Kooli bassein
437,288,Merivälja Kooli ujula,504,Merivälja Kooli bassein
438,311,Metropol Spa Hotel ,576,Metropol Spa lõõgastuskeskuse mullivannid
439,311,Metropol Spa Hotel ,576,Metropol Spa lõõgastuskeskuse mullivannid
440,311,Metropol Spa Hotel ,575,Metropol Spa lõõgastuskeskuse bassein
441,311,Metropol Spa Hotel ,575,Metropol Spa lõõgastuskeskuse bassein
442,71,m/l Baltic Queen  bassein,85,ml Baltic Queen bassein
443,71,m/l Baltic Queen  bassein,85,ml Baltic Queen bassein
444,293,ml Princess Anastasia,533,m/l Princess Anastasia
445,293,ml Princess Anastasia,533,m/l Princess Anastasia
446,293,ml Princess Anastasia,532, ml Princess Anastasia
447,293,ml Princess Anastasia,532, ml Princess Anastasia
448,277,m/l Romantika,463,"ml Romantika, mullivann"
449,277,m/l Romantika,463,"ml Romantika, mullivann"
450,279,m/l Silja Europa SPA,476,m/l Silja Europa mullivann 3
451,279,m/l Silja Europa SPA,476,m/l Silja Europa mullivann 3
452,279,m/l Silja Europa SPA,473,m/l Silja Europa väikelaste bassein
453,279,m/l Silja Europa SPA,473,m/l Silja Europa väikelaste bassein
454,279,m/l Silja Europa SPA,475,m/l Silja Europa mullivann 2
455,279,m/l Silja Europa SPA,475,m/l Silja Europa mullivann 2
456,279,m/l Silja Europa SPA,471,m/l Silja Europa bassein
457,279,m/l Silja Europa SPA,471,m/l Silja Europa bassein
458,279,m/l Silja Europa SPA,472,m/l Silja Europa lastebassein
459,279,m/l Silja Europa SPA,472,m/l Silja Europa lastebassein
460,279,m/l Silja Europa SPA,474,m/l Silja Europa mullivann 1
461,279,m/l Silja Europa SPA,474,m/l Silja Europa mullivann 1
462,233,m/l SPL PRINCESS ANASTASIA,351,SPL PRINCESS ANASTASIA
463,233,m/l SPL PRINCESS ANASTASIA,351,SPL PRINCESS ANASTASIA
464,233,m/l SPL PRINCESS ANASTASIA,427,SPL PRINCESS ANASTASIA
465,233,m/l SPL PRINCESS ANASTASIA,427,SPL PRINCESS ANASTASIA
466,73,m/l Victoria I  mullivann,87,m/l Victoria mullivann
467,73,m/l Victoria I  mullivann,87,m/l Victoria mullivann
468,280,MTÜ Spordiklubi Garant ujula,477,MTÜ Garant beebi ja väikelaste bassein
469,280,MTÜ Spordiklubi Garant ujula,477,MTÜ Garant beebi ja väikelaste bassein
470,312,Mustamäe Elamus SPA,588,Mustamäe Elamus SPA 21+ külmabassein
471,312,Mustamäe Elamus SPA,588,Mustamäe Elamus SPA 21+ külmabassein
472,312,Mustamäe Elamus SPA,578,Mustamäe Elamus SPA ujula väikelaste bassein
473,312,Mustamäe Elamus SPA,578,Mustamäe Elamus SPA ujula väikelaste bassein
474,312,Mustamäe Elamus SPA,577,Mustamäe Elamus SPA ujula 25 m bassein
475,312,Mustamäe Elamus SPA,577,Mustamäe Elamus SPA ujula 25 m bassein
476,312,Mustamäe Elamus SPA,581,Mustamäe Elamus SPA perespaa mullivannid
477,312,Mustamäe Elamus SPA,581,Mustamäe Elamus SPA perespaa mullivannid
478,312,Mustamäe Elamus SPA,586,Mustamäe Elamus SPA perespaa laste mänguala
479,312,Mustamäe Elamus SPA,586,Mustamäe Elamus SPA perespaa laste mänguala
480,312,Mustamäe Elamus SPA,583,Mustamäe Elamus SPA 21+ suur bassein
481,312,Mustamäe Elamus SPA,583,Mustamäe Elamus SPA 21+ suur bassein
482,312,Mustamäe Elamus SPA,582,Mustamäe Elamus SPA perespaa külmabassein
483,312,Mustamäe Elamus SPA,582,Mustamäe Elamus SPA perespaa külmabassein
484,312,Mustamäe Elamus SPA,584,Mustamäe Elamus SPA perespaa mänguala ringvool
485,312,Mustamäe Elamus SPA,584,Mustamäe Elamus SPA perespaa mänguala ringvool
486,312,Mustamäe Elamus SPA,580,Mustamäe Elamus SPA perespaa jaapanivann
487,312,Mustamäe Elamus SPA,580,Mustamäe Elamus SPA perespaa jaapanivann
488,312,Mustamäe Elamus SPA,593,Mustamäe Elamus SPA 21+ õue mullivann
489,312,Mustamäe Elamus SPA,593,Mustamäe Elamus SPA 21+ õue mullivann
490,312,Mustamäe Elamus SPA,585,Mustamäe Elamus SPA 21+ mullivannid
491,312,Mustamäe Elamus SPA,585,Mustamäe Elamus SPA 21+ mullivannid
492,312,Mustamäe Elamus SPA,587,Mustamäe Elamus SPA 21+ jaapanivann
493,312,Mustamäe Elamus SPA,587,Mustamäe Elamus SPA 21+ jaapanivann
494,312,Mustamäe Elamus SPA,579,Mustamäe Elamus SPA perespaa suur bassein
495,312,Mustamäe Elamus SPA,579,Mustamäe Elamus SPA perespaa suur bassein
496,200,Mustamäe Tervisekeskuse ujula ,301,Mustamäe tervisekeskuse ujula bassein
497,200,Mustamäe Tervisekeskuse ujula ,301,Mustamäe tervisekeskuse ujula bassein
498,307,My Fitness Rävala pst 4 ujula,566,My Fitness Rävala pst 4 ujula mullivann
499,307,My Fitness Rävala pst 4 ujula,566,My Fitness Rävala pst 4 ujula mullivann
500,307,My Fitness Rävala pst 4 ujula,565,My Fitness Rävala pst 4 ujula suur bassein
501,307,My Fitness Rävala pst 4 ujula,565,My Fitness Rävala pst 4 ujula suur bassein
502,65,MyFitness Rocca al Mare ujula,80,My Fitness Haabersti ujula mullivann
503,65,MyFitness Rocca al Mare ujula,80,My Fitness Haabersti ujula mullivann
504,65,MyFitness Rocca al Mare ujula,78,My Fitness Haabersti ujula suur bassein
505,65,MyFitness Rocca al Mare ujula,78,My Fitness Haabersti ujula suur bassein
506,65,MyFitness Rocca al Mare ujula,79,My Fitness Haabersti ujula lastebassein
507,65,MyFitness Rocca al Mare ujula,79,My Fitness Haabersti ujula lastebassein
508,295,MyFitness Ülemiste City ,539,Ülemiste City massaažibassein
509,295,MyFitness Ülemiste City ,539,Ülemiste City massaažibassein
510,295,MyFitness Ülemiste City ,537,Ülemiste City suur bassein
511,295,MyFitness Ülemiste City ,537,Ülemiste City suur bassein
512,295,MyFitness Ülemiste City ,538,Ülemiste City lastebassein
513,295,MyFitness Ülemiste City ,538,Ülemiste City lastebassein
514,316,MyFitness Viimsi SPA-ala,601,Viimsi MyFitness mullivann
515,316,MyFitness Viimsi SPA-ala,601,Viimsi MyFitness mullivann
516,316,MyFitness Viimsi SPA-ala,600,Viimsi MyFitness massaaživann
517,316,MyFitness Viimsi SPA-ala,600,Viimsi MyFitness massaaživann
518,138,Narva-Jõesuu Sanatooriumi ujula,190,Narva-Jõesuu sanatooriumi välibassein
519,138,Narva-Jõesuu Sanatooriumi ujula,190,Narva-Jõesuu sanatooriumi välibassein
520,138,Narva-Jõesuu Sanatooriumi ujula,189,Narva-Jõesuu sanatooriumi sisebassein
521,138,Narva-Jõesuu Sanatooriumi ujula,189,Narva-Jõesuu sanatooriumi sisebassein
522,263,Narva-Jõesuu Spa-Hotell Nooruse ujula,513,Nooruse sportbassein
523,263,Narva-Jõesuu Spa-Hotell Nooruse ujula,513,Nooruse sportbassein
524,263,Narva-Jõesuu Spa-Hotell Nooruse ujula,514,Nooruse välibassein
525,263,Narva-Jõesuu Spa-Hotell Nooruse ujula,514,Nooruse välibassein
526,263,Narva-Jõesuu Spa-Hotell Nooruse ujula,421,"Jaapani basseini, VIP-SPA basseini ja kuum jalutussektori süsteem 40 °C"
527,263,Narva-Jõesuu Spa-Hotell Nooruse ujula,421,"Jaapani basseini, VIP-SPA basseini ja kuum jalutussektori süsteem 40 °C"
528,263,Narva-Jõesuu Spa-Hotell Nooruse ujula,522,Nooruse mullivann 3
529,263,Narva-Jõesuu Spa-Hotell Nooruse ujula,522,Nooruse mullivann 3
530,263,Narva-Jõesuu Spa-Hotell Nooruse ujula,525,Nooruse jaapanivann
531,263,Narva-Jõesuu Spa-Hotell Nooruse ujula,525,Nooruse jaapanivann
532,263,Narva-Jõesuu Spa-Hotell Nooruse ujula,526,Nooruse VIP-jaapanivann
533,263,Narva-Jõesuu Spa-Hotell Nooruse ujula,526,Nooruse VIP-jaapanivann
534,263,Narva-Jõesuu Spa-Hotell Nooruse ujula,515,Nooruse suur atraktsioonibassein
535,263,Narva-Jõesuu Spa-Hotell Nooruse ujula,515,Nooruse suur atraktsioonibassein
536,263,Narva-Jõesuu Spa-Hotell Nooruse ujula,523,Nooruse mullivann 4
537,263,Narva-Jõesuu Spa-Hotell Nooruse ujula,523,Nooruse mullivann 4
538,263,Narva-Jõesuu Spa-Hotell Nooruse ujula,524,Nooruse külmaveetünn
539,263,Narva-Jõesuu Spa-Hotell Nooruse ujula,524,Nooruse külmaveetünn
540,263,Narva-Jõesuu Spa-Hotell Nooruse ujula,516,Nooruse lastebassein 1
541,263,Narva-Jõesuu Spa-Hotell Nooruse ujula,516,Nooruse lastebassein 1
542,263,Narva-Jõesuu Spa-Hotell Nooruse ujula,517,Nooruse saunakeskusebassein
543,263,Narva-Jõesuu Spa-Hotell Nooruse ujula,517,Nooruse saunakeskusebassein
544,263,Narva-Jõesuu Spa-Hotell Nooruse ujula,518,Nooruse VIP-bassein
545,263,Narva-Jõesuu Spa-Hotell Nooruse ujula,518,Nooruse VIP-bassein
546,263,Narva-Jõesuu Spa-Hotell Nooruse ujula,520,Nooruse mullivann 1
547,263,Narva-Jõesuu Spa-Hotell Nooruse ujula,520,Nooruse mullivann 1
548,263,Narva-Jõesuu Spa-Hotell Nooruse ujula,521,Nooruse mullivann 2
549,263,Narva-Jõesuu Spa-Hotell Nooruse ujula,521,Nooruse mullivann 2
550,263,Narva-Jõesuu Spa-Hotell Nooruse ujula,519,Nooruse lastebassein 2
551,263,Narva-Jõesuu Spa-Hotell Nooruse ujula,519,Nooruse lastebassein 2
552,263,Narva-Jõesuu Spa-Hotell Nooruse ujula,420,Sportbasseini ja välibasseini süsteem 28 °C
553,263,Narva-Jõesuu Spa-Hotell Nooruse ujula,420,Sportbasseini ja välibasseini süsteem 28 °C
554,263,Narva-Jõesuu Spa-Hotell Nooruse ujula,419,"Atraktsioonibasseini, lastebasseini, saunakeskusebasseini ja VIP basseini süsteem 32 °C"
555,263,Narva-Jõesuu Spa-Hotell Nooruse ujula,419,"Atraktsioonibasseini, lastebasseini, saunakeskusebasseini ja VIP basseini süsteem 32 °C"
556,263,Narva-Jõesuu Spa-Hotell Nooruse ujula,422,külmaveebasseini ja külmvee jalavanni süsteem 15 °C
557,263,Narva-Jõesuu Spa-Hotell Nooruse ujula,422,külmaveebasseini ja külmvee jalavanni süsteem 15 °C
558,263,Narva-Jõesuu Spa-Hotell Nooruse ujula,423,"Lastebasseini, mullivannide ja paarisvannide süsteem 36 °C"
559,263,Narva-Jõesuu Spa-Hotell Nooruse ujula,423,"Lastebasseini, mullivannide ja paarisvannide süsteem 36 °C"
560,122,Narva Keeltelütseumi ujula,203,Narva Keeltelütseum suur vann
561,122,Narva Keeltelütseumi ujula,203,Narva Keeltelütseum suur vann
562,146,Narva Kreenholmi Gümnaasiumi ujula ,204,Narva Kreenholmi Gümnaasiumi bassein
563,146,Narva Kreenholmi Gümnaasiumi ujula ,204,Narva Kreenholmi Gümnaasiumi bassein
564,247,Narva lasteaed Pingviin ujula,382,Narva lasteaia Pingviin invabassein
565,247,Narva lasteaed Pingviin ujula,382,Narva lasteaia Pingviin invabassein
566,247,Narva lasteaed Pingviin ujula,381,Narva lasteaia Pingviin väikelastebassein
567,247,Narva lasteaed Pingviin ujula,381,Narva lasteaia Pingviin väikelastebassein
568,147,Narva lasteaia Cipollino ujula,205,Narva lasteaia Cipollino bassein
569,147,Narva lasteaia Cipollino ujula,205,Narva lasteaia Cipollino bassein
570,150,Narva lasteaia Päikene ujula ,208,Narva lasteaia Päikene bassein
571,150,Narva lasteaia Päikene ujula ,208,Narva lasteaia Päikene bassein
572,151,Narva lasteaia Sipsik ujula,209,Narva lasteaia Sipsik bassein
573,151,Narva lasteaia Sipsik ujula,209,Narva lasteaia Sipsik bassein
574,152,Narva Spordikooli Energia ujula,213,Narva Spordikooli Energia suur vann
575,152,Narva Spordikooli Energia ujula,213,Narva Spordikooli Energia suur vann
576,152,Narva Spordikooli Energia ujula,212,Narva Spordikooli Energia väike vann
577,152,Narva Spordikooli Energia ujula,212,Narva Spordikooli Energia väike vann
578,152,Narva Spordikooli Energia ujula,617,Narva Spordikooli Energia sauna bassein
579,152,Narva Spordikooli Energia ujula,617,Narva Spordikooli Energia sauna bassein
580,314,Nelja Kuninga hotell Paide ujula,591,Nelja Kuninga hotell Paide ujula lastebassein
581,314,Nelja Kuninga hotell Paide ujula,591,Nelja Kuninga hotell Paide ujula lastebassein
582,314,Nelja Kuninga hotell Paide ujula,590,Nelja Kuninga hotell Paide ujula ujumisbassein
583,314,Nelja Kuninga hotell Paide ujula,590,Nelja Kuninga hotell Paide ujula ujumisbassein
584,314,Nelja Kuninga hotell Paide ujula,592,Nelja Kuninga hotell Paide ujula mullivann
585,314,Nelja Kuninga hotell Paide ujula,592,Nelja Kuninga hotell Paide ujula mullivann
586,239,Nõlvaku lasteaed,370,Nõlvaku lasteaia bassein
587,239,Nõlvaku lasteaed,370,Nõlvaku lasteaia bassein
588,155,Nõmme ujula,222,Nõmme ujula mullivann
589,155,Nõmme ujula,222,Nõmme ujula mullivann
590,155,Nõmme ujula,221,Nõmme ujula laste bassein
591,155,Nõmme ujula,221,Nõmme ujula laste bassein
592,155,Nõmme ujula,220,Nõmme ujula suur bassein
593,155,Nõmme ujula,220,Nõmme ujula suur bassein
594,197,Nõmme välibasseinid,297,Nõmme suur välibassein
595,197,Nõmme välibasseinid,297,Nõmme suur välibassein
596,197,Nõmme välibasseinid,298,Nõmme laste välibassein
597,197,Nõmme välibasseinid,298,Nõmme laste välibassein
598,60,Nordic Hotel Forum ujula,485,Nordic Hotel Forum mullivann
599,60,Nordic Hotel Forum ujula,485,Nordic Hotel Forum mullivann
600,60,Nordic Hotel Forum ujula,70,Nordic Hotel Forum bassein
601,60,Nordic Hotel Forum ujula,70,Nordic Hotel Forum bassein
602,156,Õismäe Vaba Aja Keskus,223,Õismäe Vaba Aja Keskuse suur bassein
603,156,Õismäe Vaba Aja Keskus,223,Õismäe Vaba Aja Keskuse suur bassein
604,156,Õismäe Vaba Aja Keskus,224,Õismäe Vaba Aja Keskuse väike bassein
605,156,Õismäe Vaba Aja Keskus,224,Õismäe Vaba Aja Keskuse väike bassein
606,156,Õismäe Vaba Aja Keskus,225,Õismäe Vaba Aja Keskuse mullivann
607,156,Õismäe Vaba Aja Keskus,225,Õismäe Vaba Aja Keskuse mullivann
608,294,Original Sokos Hotell Viru,534,Hotell Viru mullivann
609,294,Original Sokos Hotell Viru,534,Hotell Viru mullivann
610,98,PAIde lasteaia ujula,116,PAIde lasteaia ujula bassein
611,98,PAIde lasteaia ujula,116,PAIde lasteaia ujula bassein
612,99,Paide Sookure lasteaia ujula,117,Sookure lasteaia bassein
613,99,Paide Sookure lasteaia ujula,117,Sookure lasteaia bassein
614,118,Paide STK Paide linna ujula,161,Paide linna ujula lastebassein
615,118,Paide STK Paide linna ujula,161,Paide linna ujula lastebassein
616,118,Paide STK Paide linna ujula,159,Paide linna ujula suur bassein
617,118,Paide STK Paide linna ujula,159,Paide linna ujula suur bassein
618,313,Palamuse Lasteaed Nukitsamees,589,Palamuse Lasteaed Nukitsamees bassein
619,313,Palamuse Lasteaed Nukitsamees,589,Palamuse Lasteaed Nukitsamees bassein
620,306,PANNJÄRVE TERVISESPORDIKESKUS SA ujula,562,Pannjärve Tervisespordikeskuse ujumisbassein
621,306,PANNJÄRVE TERVISESPORDIKESKUS SA ujula,562,Pannjärve Tervisespordikeskuse ujumisbassein
622,102,Park In by Radisson Meriton Tallinn,438,väike mullivann
623,102,Park In by Radisson Meriton Tallinn,438,väike mullivann
624,102,Park In by Radisson Meriton Tallinn,466,Meriton SPA Hotel väike mullivann
625,102,Park In by Radisson Meriton Tallinn,466,Meriton SPA Hotel väike mullivann
626,102,Park In by Radisson Meriton Tallinn,124,Meriton SPA Hotel  bassein
627,102,Park In by Radisson Meriton Tallinn,124,Meriton SPA Hotel  bassein
628,102,Park In by Radisson Meriton Tallinn,165,Meriton SPA Hotel lastebassein
629,102,Park In by Radisson Meriton Tallinn,165,Meriton SPA Hotel lastebassein
630,102,Park In by Radisson Meriton Tallinn,166,Meriton SPA Hotel mullivann
631,102,Park In by Radisson Meriton Tallinn,166,Meriton SPA Hotel mullivann
632,253,Pärnu Haigla Taastusravi- ja heaolukeskuse ujula,391,Pärnu haigla väike bassein
633,253,Pärnu Haigla Taastusravi- ja heaolukeskuse ujula,391,Pärnu haigla väike bassein
634,253,Pärnu Haigla Taastusravi- ja heaolukeskuse ujula,390,Pärnu haigla suur bassein
635,253,Pärnu Haigla Taastusravi- ja heaolukeskuse ujula,390,Pärnu haigla suur bassein
636,113,Pärnu Spordikooli ujula,150,Pärnu Spordikooli ujula Väike bassein
637,113,Pärnu Spordikooli ujula,150,Pärnu Spordikooli ujula Väike bassein
638,113,Pärnu Spordikooli ujula,149,Pärnu Spordikooli ujula Suur bassein
639,113,Pärnu Spordikooli ujula,149,Pärnu Spordikooli ujula Suur bassein
640,189,Pelgulinna Gümnaasium,285,Pelgulinna Gümnaasiumi bassein
641,189,Pelgulinna Gümnaasium,285,Pelgulinna Gümnaasiumi bassein
642,170,Pirita Marina Hotel & SPA ,612,Pirita Marina Hotel & SPA spordikeskuse naiste riietusruumi bassein
643,170,Pirita Marina Hotel & SPA ,612,Pirita Marina Hotel & SPA spordikeskuse naiste riietusruumi bassein
644,170,Pirita Marina Hotel & SPA ,243,Pirita Marina Hotel & SPA väike bassein
645,170,Pirita Marina Hotel & SPA ,243,Pirita Marina Hotel & SPA väike bassein
646,170,Pirita Marina Hotel & SPA ,613,Pirita Marina Hotel & SPA spordikeskuse meeste riietusruumi bassein
647,170,Pirita Marina Hotel & SPA ,613,Pirita Marina Hotel & SPA spordikeskuse meeste riietusruumi bassein
648,170,Pirita Marina Hotel & SPA ,242,Pirita Marina Hotel & SPA suur bassein
649,170,Pirita Marina Hotel & SPA ,242,Pirita Marina Hotel & SPA suur bassein
650,104,Põltsamaa linna saun-ujula,128,Põltsamaa linna saun-ujula bassein
651,104,Põltsamaa linna saun-ujula,128,Põltsamaa linna saun-ujula bassein
652,139,Põlva Haigla taastusravi osakonna ujula,384,Põlva linna ühisveevärk
653,139,Põlva Haigla taastusravi osakonna ujula,384,Põlva linna ühisveevärk
654,139,Põlva Haigla taastusravi osakonna ujula,465,Põlva puurkaev veevõtu 1
655,139,Põlva Haigla taastusravi osakonna ujula,465,Põlva puurkaev veevõtu 1
656,139,Põlva Haigla taastusravi osakonna ujula,463,Põlva Piiri puurkaev 1
657,139,Põlva Haigla taastusravi osakonna ujula,463,Põlva Piiri puurkaev 1
658,139,Põlva Haigla taastusravi osakonna ujula,466,Põlva puurkaev veevõtu 2
659,139,Põlva Haigla taastusravi osakonna ujula,466,Põlva puurkaev veevõtu 2
660,139,Põlva Haigla taastusravi osakonna ujula,467,Põlva puurkaev veevõtu 3
661,139,Põlva Haigla taastusravi osakonna ujula,467,Põlva puurkaev veevõtu 3
662,139,Põlva Haigla taastusravi osakonna ujula,468,Põlva puurkaev veevõtu 4
663,139,Põlva Haigla taastusravi osakonna ujula,468,Põlva puurkaev veevõtu 4
664,139,Põlva Haigla taastusravi osakonna ujula,464,Põlva Piiri puurkaev 2
665,139,Põlva Haigla taastusravi osakonna ujula,464,Põlva Piiri puurkaev 2
666,139,Põlva Haigla taastusravi osakonna ujula,191,Põlva Haigla taastusravi osakonna bassein
667,139,Põlva Haigla taastusravi osakonna ujula,191,Põlva Haigla taastusravi osakonna bassein
668,52,Põlva Spordikooli ujula,384,Põlva linna ühisveevärk
669,52,Põlva Spordikooli ujula,384,Põlva linna ühisveevärk
670,52,Põlva Spordikooli ujula,465,Põlva puurkaev veevõtu 1
671,52,Põlva Spordikooli ujula,465,Põlva puurkaev veevõtu 1
672,52,Põlva Spordikooli ujula,463,Põlva Piiri puurkaev 1
673,52,Põlva Spordikooli ujula,463,Põlva Piiri puurkaev 1
674,52,Põlva Spordikooli ujula,466,Põlva puurkaev veevõtu 2
675,52,Põlva Spordikooli ujula,466,Põlva puurkaev veevõtu 2
676,52,Põlva Spordikooli ujula,467,Põlva puurkaev veevõtu 3
677,52,Põlva Spordikooli ujula,467,Põlva puurkaev veevõtu 3
678,52,Põlva Spordikooli ujula,468,Põlva puurkaev veevõtu 4
679,52,Põlva Spordikooli ujula,468,Põlva puurkaev veevõtu 4
680,52,Põlva Spordikooli ujula,464,Põlva Piiri puurkaev 2
681,52,Põlva Spordikooli ujula,464,Põlva Piiri puurkaev 2
682,52,Põlva Spordikooli ujula,615,Põlva Spordikooli jaapani vann
683,52,Põlva Spordikooli ujula,615,Põlva Spordikooli jaapani vann
684,52,Põlva Spordikooli ujula,616,Põlva Spordikooli mullivann
685,52,Põlva Spordikooli ujula,616,Põlva Spordikooli mullivann
686,52,Põlva Spordikooli ujula,187,Põlva Spordikooli lastebassein
687,52,Põlva Spordikooli ujula,187,Põlva Spordikooli lastebassein
688,52,Põlva Spordikooli ujula,188,Põlva Spordikooli täiskasvanute bassein
689,52,Põlva Spordikooli ujula,188,Põlva Spordikooli täiskasvanute bassein
690,225,Porkuni Kooli ujula,1152,Porkuni kooli (Lossi pumbajaama) veevärk
691,225,Porkuni Kooli ujula,1152,Porkuni kooli (Lossi pumbajaama) veevärk
692,225,Porkuni Kooli ujula,494,Porkuni kooli väike bassein
693,225,Porkuni Kooli ujula,494,Porkuni kooli väike bassein
694,225,Porkuni Kooli ujula,331,Porkuni kooli suur bassein
695,225,Porkuni Kooli ujula,331,Porkuni kooli suur bassein
696,11,Pühajärve SPA Hotelli ujula,192,Pühajärve Puhkekodu veevärk
697,11,Pühajärve SPA Hotelli ujula,192,Pühajärve Puhkekodu veevärk
698,11,Pühajärve SPA Hotelli ujula,215,Pühajärve Puhkekodu AS puurkaev 20989
699,11,Pühajärve SPA Hotelli ujula,215,Pühajärve Puhkekodu AS puurkaev 20989
700,11,Pühajärve SPA Hotelli ujula,122,Pühajärve suur bassein
701,11,Pühajärve SPA Hotelli ujula,122,Pühajärve suur bassein
702,11,Pühajärve SPA Hotelli ujula,123,Pühajärve väikelaste bassein
703,11,Pühajärve SPA Hotelli ujula,123,Pühajärve väikelaste bassein
704,11,Pühajärve SPA Hotelli ujula,359,mullivann
705,11,Pühajärve SPA Hotelli ujula,359,mullivann
706,298,Ramsi lasteaed Tareke ujula,543,Ramsi lasteaia bassein
707,298,Ramsi lasteaed Tareke ujula,543,Ramsi lasteaia bassein
708,103,"Räpina Lasteaia ""Vikerkaar"" ujula",409,Räpina linna ühisveevärk
709,103,"Räpina Lasteaia ""Vikerkaar"" ujula",409,Räpina linna ühisveevärk
710,103,"Räpina Lasteaia ""Vikerkaar"" ujula",503,Räpina Kastani tn puurkaev
711,103,"Räpina Lasteaia ""Vikerkaar"" ujula",503,Räpina Kastani tn puurkaev
712,103,"Räpina Lasteaia ""Vikerkaar"" ujula",127,"Räpina Lasteaia ""Vikerkaar"" bassein"
713,103,"Räpina Lasteaia ""Vikerkaar"" ujula",127,"Räpina Lasteaia ""Vikerkaar"" bassein"
714,91,Rapla lasteaed Kelluke,114,Rapla lasteaed Kelluke bassein
715,91,Rapla lasteaed Kelluke,114,Rapla lasteaed Kelluke bassein
716,304,Realida Saunakeskuse ujula,557,Saunakeskuse bassein
717,304,Realida Saunakeskuse ujula,557,Saunakeskuse bassein
718,158,Rocca al Mare Hotell,227,Rocca al Mare Hotell bassein
719,158,Rocca al Mare Hotell,227,Rocca al Mare Hotell bassein
720,158,Rocca al Mare Hotell,559,Rocca al mare hotelli mullivann
721,158,Rocca al Mare Hotell,559,Rocca al mare hotelli mullivann
722,157,Rocca al Mare Kooli ujula,226,Rocca al Mare Kooli bassein
723,157,Rocca al Mare Kooli ujula,226,Rocca al Mare Kooli bassein
724,114,Roosna-Alliku lasteaia Hellik ujula,152,Roosna-Alliku lasteaed Hellik bassein
725,114,Roosna-Alliku lasteaia Hellik ujula,152,Roosna-Alliku lasteaed Hellik bassein
726,87,Rõuge Lasteaed ujula,108,Rõuge Lasteaia bassein
727,87,Rõuge Lasteaed ujula,108,Rõuge Lasteaia bassein
728,270,Saka Mõisa Wellness-Spa ujula,483,Saka Mõisa veevärk
729,270,Saka Mõisa Wellness-Spa ujula,483,Saka Mõisa veevärk
730,270,Saka Mõisa Wellness-Spa ujula,437,Saka Mõisa Wellness-Spa bassein
731,270,Saka Mõisa Wellness-Spa ujula,437,Saka Mõisa Wellness-Spa bassein
732,216,Saku Valla l/a Päikesekild,321,Saku Valla l/a Päikesekild
733,216,Saku Valla l/a Päikesekild,321,Saku Valla l/a Päikesekild
734,185,Saku Valla Spordikeskus,275,Saku Valla Spordikeskus
735,185,Saku Valla Spordikeskus,275,Saku Valla Spordikeskus
736,116,Sanatoorium Tervis Vabaajakeskus,153,Sanatoorium Tervise Lastebassein
737,116,Sanatoorium Tervis Vabaajakeskus,153,Sanatoorium Tervise Lastebassein
738,116,Sanatoorium Tervis Vabaajakeskus,154,Sanatoorium Tervise 25 m bassein
739,116,Sanatoorium Tervis Vabaajakeskus,154,Sanatoorium Tervise 25 m bassein
740,116,Sanatoorium Tervis Vabaajakeskus,156,Sanatoorium Tervise Jaapani vann
741,116,Sanatoorium Tervis Vabaajakeskus,156,Sanatoorium Tervise Jaapani vann
742,116,Sanatoorium Tervis Vabaajakeskus,157,Sanatoorium Tervise Ravibassein
743,116,Sanatoorium Tervis Vabaajakeskus,157,Sanatoorium Tervise Ravibassein
744,116,Sanatoorium Tervis Vabaajakeskus,155,Sanatoorium Tervise Massaažibassein
745,116,Sanatoorium Tervis Vabaajakeskus,155,Sanatoorium Tervise Massaažibassein
746,184,Saue Spordihoone,274,Saue Spordihoone väike bassein
747,184,Saue Spordihoone,274,Saue Spordihoone väike bassein
748,184,Saue Spordihoone,273,Saue Spordihoone suur bassein
749,184,Saue Spordihoone,273,Saue Spordihoone suur bassein
750,167,SA Viljandi Haigla ujula,234,Viljandi haigla  bassein
751,167,SA Viljandi Haigla ujula,234,Viljandi haigla  bassein
752,68,Sillamäe lasteaed Helepunased purjed ujula,630,Sillamäe linna veevärk
753,68,Sillamäe lasteaed Helepunased purjed ujula,630,Sillamäe linna veevärk
754,68,Sillamäe lasteaed Helepunased purjed ujula,82,Sillamäe lasteaia Helepunased Purjed lastebassein
755,68,Sillamäe lasteaed Helepunased purjed ujula,82,Sillamäe lasteaia Helepunased Purjed lastebassein
756,69,Sillamäe lasteaed Jaaniussike ujula,83,Sillamaäe lasteaia Jaaniussike lastebassein
757,69,Sillamäe lasteaed Jaaniussike ujula,83,Sillamaäe lasteaia Jaaniussike lastebassein
758,153,Sillamäe lasteaed Rukkilill ujula,218,Sillamäe Lasteaed Rukkilill
759,153,Sillamäe lasteaed Rukkilill ujula,218,Sillamäe Lasteaed Rukkilill
760,112,Sillamäe Lasteaia Päikseke ujula,148,Lasteaia Päikseke bassein
761,112,Sillamäe Lasteaia Päikseke ujula,148,Lasteaia Päikseke bassein
762,70,"Sillamäe spordikompleksi ""Kalev"" ujula",84,"Sillamäe spordikompleksi ""Kalev"" ujumisbassein"
763,70,"Sillamäe spordikompleksi ""Kalev"" ujula",84,"Sillamäe spordikompleksi ""Kalev"" ujumisbassein"
764,299,Sõle Spordikeskus,545,Sõle Spordikeskuse väike bassein
765,299,Sõle Spordikeskus,545,Sõle Spordikeskuse väike bassein
766,299,Sõle Spordikeskus,544,Sõle Spordikeskuse suur bassein
767,299,Sõle Spordikeskus,544,Sõle Spordikeskuse suur bassein
768,173,SPA Georg Ots veekeskus,246,SPA Georg Ots veekeskuse suur bassein
769,173,SPA Georg Ots veekeskus,246,SPA Georg Ots veekeskuse suur bassein
770,173,SPA Georg Ots veekeskus,248,SPA Georg Ots veekeskus minibassein
771,173,SPA Georg Ots veekeskus,248,SPA Georg Ots veekeskus minibassein
772,173,SPA Georg Ots veekeskus,249,SPA Georg Ots veekeskus mullivann
773,173,SPA Georg Ots veekeskus,249,SPA Georg Ots veekeskus mullivann
774,173,SPA Georg Ots veekeskus,247,SPA Georg Ots veekeskus välibassein
775,173,SPA Georg Ots veekeskus,247,SPA Georg Ots veekeskus välibassein
776,175,SPA Grand Rose veekeskus,482,Külmavee tünn
777,175,SPA Grand Rose veekeskus,482,Külmavee tünn
778,175,SPA Grand Rose veekeskus,251,SPA Grand Rose suur bassein
779,175,SPA Grand Rose veekeskus,251,SPA Grand Rose suur bassein
780,175,SPA Grand Rose veekeskus,253,SPA Grand Rose lastebassein
781,175,SPA Grand Rose veekeskus,253,SPA Grand Rose lastebassein
782,175,SPA Grand Rose veekeskus,252,SPA Grand Rose jaapani bassein
783,175,SPA Grand Rose veekeskus,252,SPA Grand Rose jaapani bassein
784,177,SPA Meri,257,SPA Meri bassein
785,177,SPA Meri,257,SPA Meri bassein
786,176,SPA Rüütli veekeskus,254,SPA Rüütli suur bassein
787,176,SPA Rüütli veekeskus,254,SPA Rüütli suur bassein
788,176,SPA Rüütli veekeskus,255,SPA Rüütli lastebassein
789,176,SPA Rüütli veekeskus,255,SPA Rüütli lastebassein
790,176,SPA Rüütli veekeskus,256,SPA Rüütli Mullivann
791,176,SPA Rüütli veekeskus,256,SPA Rüütli Mullivann
792,141,Spordiklubi Impuls Tallinn,193,Spordiklubi Impuls bassein
793,141,Spordiklubi Impuls Tallinn,193,Spordiklubi Impuls bassein
794,256,Spordiklubi Reval-Sport veekeskus,403,Reval-Sport külmaveebassein
795,256,Spordiklubi Reval-Sport veekeskus,403,Reval-Sport külmaveebassein
796,256,Spordiklubi Reval-Sport veekeskus,395,Reval-Sport spordibassein 28º
797,256,Spordiklubi Reval-Sport veekeskus,395,Reval-Sport spordibassein 28º
798,256,Spordiklubi Reval-Sport veekeskus,412,Reval-Sport välimullivann 32º
799,256,Spordiklubi Reval-Sport veekeskus,412,Reval-Sport välimullivann 32º
800,256,Spordiklubi Reval-Sport veekeskus,399,Reval-Sport mullivann 36º
801,256,Spordiklubi Reval-Sport veekeskus,399,Reval-Sport mullivann 36º
802,256,Spordiklubi Reval-Sport veekeskus,409,Reval-Sport lõõgastusbassein 32º
803,256,Spordiklubi Reval-Sport veekeskus,409,Reval-Sport lõõgastusbassein 32º
804,256,Spordiklubi Reval-Sport veekeskus,400,Reval-Sport jaapani bassein 40º
805,256,Spordiklubi Reval-Sport veekeskus,400,Reval-Sport jaapani bassein 40º
806,256,Spordiklubi Reval-Sport veekeskus,410,Reval-Sport lastebassein seenega 36º
807,256,Spordiklubi Reval-Sport veekeskus,410,Reval-Sport lastebassein seenega 36º
808,256,Spordiklubi Reval-Sport veekeskus,396,Reval-Sport väike sportbassein 32º
809,256,Spordiklubi Reval-Sport veekeskus,396,Reval-Sport väike sportbassein 32º
810,256,Spordiklubi Reval-Sport veekeskus,397,Reval-Sport libero bassein 32º
811,256,Spordiklubi Reval-Sport veekeskus,397,Reval-Sport libero bassein 32º
812,256,Spordiklubi Reval-Sport veekeskus,411,Reval-Sport välibassein 28º
813,256,Spordiklubi Reval-Sport veekeskus,411,Reval-Sport välibassein 28º
814,32,Strand SPA,145,Strandi Pikk bassein
815,32,Strand SPA,145,Strandi Pikk bassein
816,32,Strand SPA,146,Strandi Massaažibassein
817,32,Strand SPA,146,Strandi Massaažibassein
818,32,Strand SPA,147,Strandi Mullivann
819,32,Strand SPA,147,Strandi Mullivann
820,315,Suure-Jaani Tervisekoda ujula,599,"Suure-Jaani Tervisekoda külmaveebassein 2,0*1,7"
821,315,Suure-Jaani Tervisekoda ujula,599,"Suure-Jaani Tervisekoda külmaveebassein 2,0*1,7"
822,315,Suure-Jaani Tervisekoda ujula,594,Suure-Jaani Tervisekoda ujumisbassein 25*10 m (3 rada)
823,315,Suure-Jaani Tervisekoda ujula,594,Suure-Jaani Tervisekoda ujumisbassein 25*10 m (3 rada)
824,315,Suure-Jaani Tervisekoda ujula,596,"Suure-Jaani Tervisekoda perebassein 5,0*12,0 m"
825,315,Suure-Jaani Tervisekoda ujula,596,"Suure-Jaani Tervisekoda perebassein 5,0*12,0 m"
826,315,Suure-Jaani Tervisekoda ujula,595,"Suure-jaani Tervisekoda lastebassein 5,1*4,0 m"
827,315,Suure-Jaani Tervisekoda ujula,595,"Suure-jaani Tervisekoda lastebassein 5,1*4,0 m"
828,315,Suure-Jaani Tervisekoda ujula,597,"Suure-Jaani Tervisekoda mullivann 3,8*3,25 m"
829,315,Suure-Jaani Tervisekoda ujula,597,"Suure-Jaani Tervisekoda mullivann 3,8*3,25 m"
830,315,Suure-Jaani Tervisekoda ujula,598,Suure-Jaani Tervisekoda väike nn beebibassein 
831,315,Suure-Jaani Tervisekoda ujula,598,Suure-Jaani Tervisekoda väike nn beebibassein 
832,250,Swissoteli ujula,384,Swissoteli bassein
833,250,Swissoteli ujula,384,Swissoteli bassein
834,260,Taastusravi kliinik-bassein,407,Taastusravi bassein
835,260,Taastusravi kliinik-bassein,407,Taastusravi bassein
836,54,Tabasalu Spordikompleksi ujula,62,Tabasalu ujula lastebassein
837,54,Tabasalu Spordikompleksi ujula,62,Tabasalu ujula lastebassein
838,54,Tabasalu Spordikompleksi ujula,468,Tabasalu väikelastebassein
839,54,Tabasalu Spordikompleksi ujula,468,Tabasalu väikelastebassein
840,54,Tabasalu Spordikompleksi ujula,61,Tabasalu ujula suur bassein
841,54,Tabasalu Spordikompleksi ujula,61,Tabasalu ujula suur bassein
842,54,Tabasalu Spordikompleksi ujula,63,Tabasalu ujula mullivann
843,54,Tabasalu Spordikompleksi ujula,63,Tabasalu ujula mullivann
844,169,Tallink SPA & Conference Hotel,241,Tallinki SPA&Conference Hotelli mullivann
845,169,Tallink SPA & Conference Hotel,241,Tallinki SPA&Conference Hotelli mullivann
846,169,Tallink SPA & Conference Hotel,239,Tallink SPA&Conference Hotelli magevee/baari bassein
847,169,Tallink SPA & Conference Hotel,239,Tallink SPA&Conference Hotelli magevee/baari bassein
848,169,Tallink SPA & Conference Hotel,240,Tallink SPA&Conference Hotelli lastebassein
849,169,Tallink SPA & Conference Hotel,240,Tallink SPA&Conference Hotelli lastebassein
850,169,Tallink SPA & Conference Hotel,398,Tallink SPA&Conference Hotelli saunabassein
851,169,Tallink SPA & Conference Hotel,398,Tallink SPA&Conference Hotelli saunabassein
852,169,Tallink SPA & Conference Hotel,238,Tallink SPA&Conference Hotelli sise- ja välibassein
853,169,Tallink SPA & Conference Hotel,238,Tallink SPA&Conference Hotelli sise- ja välibassein
854,62,Tallinna 21. Kooli ujula,72,Tallinna 21. Kooli bassein
855,62,Tallinna 21. Kooli ujula,72,Tallinna 21. Kooli bassein
856,212,Tallinna Arbu l/a,317,Tallinna Arbu l/a
857,212,Tallinna Arbu l/a,317,Tallinna Arbu l/a
858,63,Tallinna Arte Gümnaasium,73,Tallinna Arte Gümnaasium
859,63,Tallinna Arte Gümnaasium,73,Tallinna Arte Gümnaasium
860,290,Tallinna Heleni Kooli ujula ,506,Tallinna Heleni Kooli ujula
861,290,Tallinna Heleni Kooli ujula ,506,Tallinna Heleni Kooli ujula
862,143,Tallinna Järveotsa Gümnaasium,195,Tallinna Järveotsa Gümnaasium bassein
863,143,Tallinna Järveotsa Gümnaasium,195,Tallinna Järveotsa Gümnaasium bassein
864,289,Tallinna Järveotsa Lasteaed,505,Tallinna Järveotsa Lasteaed bassein
865,289,Tallinna Järveotsa Lasteaed,505,Tallinna Järveotsa Lasteaed bassein
866,190,Tallinna Laagna Gümnaasium,286,Tallinna Laagna Gümnaasiumi bassein
867,190,Tallinna Laagna Gümnaasium,286,Tallinna Laagna Gümnaasiumi bassein
868,227,Tallinna Laagna l/a-põhikool,334,Tallinna Laagna l/a-põhikool bassein
869,227,Tallinna Laagna l/a-põhikool,334,Tallinna Laagna l/a-põhikool bassein
870,208,Tallinna l/a Karikakar,313,Tallinna l/a Karikakar
871,208,Tallinna l/a Karikakar,313,Tallinna l/a Karikakar
872,94,Tallinna Lasteaed Delfiin,115,Tallinna Lasteaed Delfiin 
873,94,Tallinna Lasteaed Delfiin,115,Tallinna Lasteaed Delfiin 
874,297,Tallinna Lasteaed Pääsusilm ,542,Tallinna Lasteaed Pääsusilm 
875,297,Tallinna Lasteaed Pääsusilm ,542,Tallinna Lasteaed Pääsusilm 
876,142,Tallinna Lasteaed Sinilill,194,Tallinna Lasteaed Sinilill bassein
877,142,Tallinna Lasteaed Sinilill,194,Tallinna Lasteaed Sinilill bassein
878,207,Tallinna l/a Vesiroos,312,Tallinna l/a Vesiroos
879,207,Tallinna l/a Vesiroos,312,Tallinna l/a Vesiroos
880,211,Tallinna Liikuri l/a,316,Tallinna Liikuri l/a bassein
881,211,Tallinna Liikuri l/a,316,Tallinna Liikuri l/a bassein
882,209,Tallinna Lindakivi l/a,314,Tallinna Lindakivi l/a
883,209,Tallinna Lindakivi l/a,314,Tallinna Lindakivi l/a
884,213,Tallinna Loitsu l/a,318,Tallinna Loitsu l/a
885,213,Tallinna Loitsu l/a,318,Tallinna Loitsu l/a
886,300,Tallinna Meelespea Lasteaed ,548,Tallinna Meelespea Lasteaed 
887,300,Tallinna Meelespea Lasteaed ,548,Tallinna Meelespea Lasteaed 
888,210,Tallinna Paekaare l/a,315,Tallinna Paekaare l/a bassein
889,210,Tallinna Paekaare l/a,315,Tallinna Paekaare l/a bassein
890,194,Tallinna Saksa Gümnaasium,291,Tallinna Saksa Gümnaasium
891,194,Tallinna Saksa Gümnaasium,291,Tallinna Saksa Gümnaasium
892,214,Tallinna Vormsi lasteaia ujula,319,Tallinna Vormsi lasteaia bassein
893,214,Tallinna Vormsi lasteaia ujula,319,Tallinna Vormsi lasteaia bassein
894,83,Tamme Kooli ujula,103,Tamme Kooli ujula bassein
895,83,Tamme Kooli ujula,103,Tamme Kooli ujula bassein
896,203,Tamsalu Spordikompleksi ujula,938,Tamsalu linna veevärk
897,203,Tamsalu Spordikompleksi ujula,938,Tamsalu linna veevärk
898,203,Tamsalu Spordikompleksi ujula,307,Tamsalu Spordikompleksi ujula sportbassein
899,203,Tamsalu Spordikompleksi ujula,307,Tamsalu Spordikompleksi ujula sportbassein
900,121,Tarbja Lasteaed-Kooli ujula,163,Tarbja lasteaed-kooli ujula bassein
901,121,Tarbja Lasteaed-Kooli ujula,163,Tarbja lasteaed-kooli ujula bassein
902,81,Tartu H. Masingu kooli ujula,100,Masingu kooli ujula bassein
903,81,Tartu H. Masingu kooli ujula,100,Masingu kooli ujula bassein
904,82,Tartu Kivilinna kooli ujula,102,Kivilinna Kooli ujula bassein
905,82,Tartu Kivilinna kooli ujula,102,Kivilinna Kooli ujula bassein
906,79,Tartu lasteaed Pääsupesa ujula,98,Tartu lasteaed Pääsupesa lastebassein
907,79,Tartu lasteaed Pääsupesa ujula,98,Tartu lasteaed Pääsupesa lastebassein
908,79,Tartu lasteaed Pääsupesa ujula,361,"Tartu lasteaed pääsupesa, hüdroteraapia bassein"
909,79,Tartu lasteaed Pääsupesa ujula,361,"Tartu lasteaed pääsupesa, hüdroteraapia bassein"
910,80,Tartu lasteaed Triinu ja Taavi ujula,99,Tartu lasteaia Triinu ja Taavi ujula lastebassein
911,80,Tartu lasteaed Triinu ja Taavi ujula,99,Tartu lasteaia Triinu ja Taavi ujula lastebassein
912,76,Tartu spodiklubi Arctic ujula,94,Arctic bassein
913,76,Tartu spodiklubi Arctic ujula,94,Arctic bassein
914,78,Tartu valla Kõrveküla lasteaed Päikeseratas ujula,96,Kõrveküla lasteaed Päikeseratas beebibassein
915,78,Tartu valla Kõrveküla lasteaed Päikeseratas ujula,96,Kõrveküla lasteaed Päikeseratas beebibassein
916,78,Tartu valla Kõrveküla lasteaed Päikeseratas ujula,97,Kõrveküla lasteaed Päikeseratas lastebassein
917,78,Tartu valla Kõrveküla lasteaed Päikeseratas ujula,97,Kõrveküla lasteaed Päikeseratas lastebassein
918,199,Tervisekeskus Club 26,558,Club 26 VIP bassein
919,199,Tervisekeskus Club 26,558,Club 26 VIP bassein
920,199,Tervisekeskus Club 26,300,Tervisekeskus Club 26 
921,199,Tervisekeskus Club 26,300,Tervisekeskus Club 26 
922,115,Tervise Paradiisi veekeskus,469,Tervise Paradiisi Jaapani vann
923,115,Tervise Paradiisi veekeskus,469,Tervise Paradiisi Jaapani vann
924,115,Tervise Paradiisi veekeskus,541,Naiste külmaveebassein saunas
925,115,Tervise Paradiisi veekeskus,541,Naiste külmaveebassein saunas
926,115,Tervise Paradiisi veekeskus,216,Tervise Paradiisi Hüppebassein
927,115,Tervise Paradiisi veekeskus,216,Tervise Paradiisi Hüppebassein
928,115,Tervise Paradiisi veekeskus,217,Tervise Paradiisi Mägijõgi
929,115,Tervise Paradiisi veekeskus,217,Tervise Paradiisi Mägijõgi
930,115,Tervise Paradiisi veekeskus,214,Tervise Paradiisi Välibassein
931,115,Tervise Paradiisi veekeskus,214,Tervise Paradiisi Välibassein
932,115,Tervise Paradiisi veekeskus,363,Tervise Paradiisi Mägijõgi
933,115,Tervise Paradiisi veekeskus,363,Tervise Paradiisi Mägijõgi
934,115,Tervise Paradiisi veekeskus,357,Tervise Paradiisi Ülemine mullivann
935,115,Tervise Paradiisi veekeskus,357,Tervise Paradiisi Ülemine mullivann
936,115,Tervise Paradiisi veekeskus,151,Tervise Paradiisi 25 m bassein
937,115,Tervise Paradiisi veekeskus,151,Tervise Paradiisi 25 m bassein
938,115,Tervise Paradiisi veekeskus,358,Tervise Paradiisi VIP-massaašibassein
939,115,Tervise Paradiisi veekeskus,358,Tervise Paradiisi VIP-massaašibassein
940,115,Tervise Paradiisi veekeskus,215,Tervise Paradiisi Alumine mullivann
941,115,Tervise Paradiisi veekeskus,215,Tervise Paradiisi Alumine mullivann
942,115,Tervise Paradiisi veekeskus,211,Tervise Paradiisi Seikluste bassein
943,115,Tervise Paradiisi veekeskus,211,Tervise Paradiisi Seikluste bassein
944,115,Tervise Paradiisi veekeskus,210,Tervise Paradiisi Lastebassein
945,115,Tervise Paradiisi veekeskus,210,Tervise Paradiisi Lastebassein
946,243,Tihemetsa Spordihoone ujula,374,Tihemetsa ujula väike bassein
947,243,Tihemetsa Spordihoone ujula,374,Tihemetsa ujula väike bassein
948,128,Toila Sanatooriumi Termid,396,Toila Sanatooriumi veevärk
949,128,Toila Sanatooriumi Termid,396,Toila Sanatooriumi veevärk
950,128,Toila Sanatooriumi Termid,471,Toila Sanatooriumi puurkaev 2432
951,128,Toila Sanatooriumi Termid,471,Toila Sanatooriumi puurkaev 2432
952,128,Toila Sanatooriumi Termid,528,Mullivann 1
953,128,Toila Sanatooriumi Termid,528,Mullivann 1
954,128,Toila Sanatooriumi Termid,529,Mullivann 2
955,128,Toila Sanatooriumi Termid,529,Mullivann 2
956,128,Toila Sanatooriumi Termid,171,Toila Termid
957,128,Toila Sanatooriumi Termid,171,Toila Termid
958,128,Toila Sanatooriumi Termid,527,Termide ujula bassein
959,128,Toila Sanatooriumi Termid,527,Termide ujula bassein
960,127,Toila Sanatooriumi ujula,396,Toila Sanatooriumi veevärk
961,127,Toila Sanatooriumi ujula,396,Toila Sanatooriumi veevärk
962,127,Toila Sanatooriumi ujula,471,Toila Sanatooriumi puurkaev 2432
963,127,Toila Sanatooriumi ujula,471,Toila Sanatooriumi puurkaev 2432
964,127,Toila Sanatooriumi ujula,170,Toila Sanatooriumi Suur bassein
965,127,Toila Sanatooriumi ujula,170,Toila Sanatooriumi Suur bassein
966,129,Toila Sanatooriumi Wellness keskus,396,Toila Sanatooriumi veevärk
967,129,Toila Sanatooriumi Wellness keskus,396,Toila Sanatooriumi veevärk
968,129,Toila Sanatooriumi Wellness keskus,471,Toila Sanatooriumi puurkaev 2432
969,129,Toila Sanatooriumi Wellness keskus,471,Toila Sanatooriumi puurkaev 2432
970,129,Toila Sanatooriumi Wellness keskus,174,Wellness keskuse jääauk
971,129,Toila Sanatooriumi Wellness keskus,174,Wellness keskuse jääauk
972,129,Toila Sanatooriumi Wellness keskus,173,Wellness keskuse jaapani vann
973,129,Toila Sanatooriumi Wellness keskus,173,Wellness keskuse jaapani vann
974,129,Toila Sanatooriumi Wellness keskus,172,Wellness keskus massaažibassein
975,129,Toila Sanatooriumi Wellness keskus,172,Wellness keskus massaažibassein
976,302,Tondi tennisekeskuse ujula,552,tennisekeskuse mullivann
977,302,Tondi tennisekeskuse ujula,552,tennisekeskuse mullivann
978,302,Tondi tennisekeskuse ujula,551,Tennisekeskuse bassein
979,302,Tondi tennisekeskuse ujula,551,Tennisekeskuse bassein
980,44,Tootsi ujula,144,Tootsi Ujumisbassein
981,44,Tootsi ujula,144,Tootsi Ujumisbassein
982,42,TRK Viiking saunakeskus (C-korpus),141,Viikingi Võimlemisbassein
983,42,TRK Viiking saunakeskus (C-korpus),141,Viikingi Võimlemisbassein
984,42,TRK Viiking saunakeskus (C-korpus),143,Viikingi Mullivann
985,42,TRK Viiking saunakeskus (C-korpus),143,Viikingi Mullivann
986,77,TÜ Kliinikumi Spordimeditsiini ja taastusravi ujula,95,TÜ Kliinikumi Spordimeditsiini ja taastusravi ujula suur ravibassein
987,77,TÜ Kliinikumi Spordimeditsiini ja taastusravi ujula,95,TÜ Kliinikumi Spordimeditsiini ja taastusravi ujula suur ravibassein
988,77,TÜ Kliinikumi Spordimeditsiini ja taastusravi ujula,360,Väike hüdroteraapia bassein
989,77,TÜ Kliinikumi Spordimeditsiini ja taastusravi ujula,360,Väike hüdroteraapia bassein
990,111,Türi ujula,142,Türi ujula bassein
991,111,Türi ujula,142,Türi ujula bassein
992,172,Tuulte Roosi Lasteaia ujula,245,Tuulte Roosi Lasteaia ujula bassein
993,172,Tuulte Roosi Lasteaia ujula,245,Tuulte Roosi Lasteaia ujula bassein
994,266,Väätsa lasteaia ujula,426,Väätsa lasteaia bassein
995,266,Väätsa lasteaia ujula,426,Väätsa lasteaia bassein
996,223,Väike-Maarja lasteaia ujula,911,Väike-Maarja Tammi puurkaevu veevärk
997,223,Väike-Maarja lasteaia ujula,911,Väike-Maarja Tammi puurkaevu veevärk
998,223,Väike-Maarja lasteaia ujula,329,Väike-Maarja LA ujula bassein
999,223,Väike-Maarja lasteaia ujula,329,Väike-Maarja LA ujula bassein
1000,85,Väimela Tervisekeskuse ujula,106,Väimela Tervisekeskuse laste bassein
1001,85,Väimela Tervisekeskuse ujula,106,Väimela Tervisekeskuse laste bassein
1002,85,Väimela Tervisekeskuse ujula,105,Väimela Tervisekeskuse suur bassein
1003,85,Väimela Tervisekeskuse ujula,105,Väimela Tervisekeskuse suur bassein
1004,85,Väimela Tervisekeskuse ujula,555,Väimela Tervisekeskuse mullivann
1005,85,Väimela Tervisekeskuse ujula,555,Väimela Tervisekeskuse mullivann
1006,13,Valga Põhikooli ujula,389,Valga Põhikooli ujula väike bassein
1007,13,Valga Põhikooli ujula,389,Valga Põhikooli ujula väike bassein
1008,13,Valga Põhikooli ujula,121,Valga Põhikooli ujula suur bassein
1009,13,Valga Põhikooli ujula,121,Valga Põhikooli ujula suur bassein
1010,92,Valtu Spordimaja ujula,111,Valtu väike bassein
1011,92,Valtu Spordimaja ujula,111,Valtu väike bassein
1012,92,Valtu Spordimaja ujula,110,Valtu suur bassein
1013,92,Valtu Spordimaja ujula,110,Valtu suur bassein
1014,134,Värska Veekeskuse ujula,418,Värska Sanatooriumi joogivee ühisveevärk 
1015,134,Värska Veekeskuse ujula,418,Värska Sanatooriumi joogivee ühisveevärk 
1016,134,Värska Veekeskuse ujula,536,Värska Sanatooriumi puurkaev nr 1 (joogivesi)
1017,134,Värska Veekeskuse ujula,536,Värska Sanatooriumi puurkaev nr 1 (joogivesi)
1018,134,Värska Veekeskuse ujula,352,Värska Veekeskuse mullivann
1019,134,Värska Veekeskuse ujula,352,Värska Veekeskuse mullivann
1020,134,Värska Veekeskuse ujula,180,Värska Veekeskuse lastebassein
1021,134,Värska Veekeskuse ujula,180,Värska Veekeskuse lastebassein
1022,134,Värska Veekeskuse ujula,183,Värska Veekeskuse lõbustusbassein
1023,134,Värska Veekeskuse ujula,183,Värska Veekeskuse lõbustusbassein
1024,134,Värska Veekeskuse ujula,181,Värska Veekeskuse beebibassein
1025,134,Värska Veekeskuse ujula,181,Värska Veekeskuse beebibassein
1026,134,Värska Veekeskuse ujula,182,Värska Veekeskuse ujumisbassein
1027,134,Värska Veekeskuse ujula,182,Värska Veekeskuse ujumisbassein
1028,201,Vembu-Tembumaa lõbustuspark,303,Vembu-Tembumaa bassein nr.2 (mäega)
1029,201,Vembu-Tembumaa lõbustuspark,303,Vembu-Tembumaa bassein nr.2 (mäega)
1030,201,Vembu-Tembumaa lõbustuspark,304,Vembu-Tembumaa bassein nr.3
1031,201,Vembu-Tembumaa lõbustuspark,304,Vembu-Tembumaa bassein nr.3
1032,201,Vembu-Tembumaa lõbustuspark,302,Vembu-Tembumaa bassein nr.1
1033,201,Vembu-Tembumaa lõbustuspark,302,Vembu-Tembumaa bassein nr.1
1034,272,Vihula mõisa ujula,935,Vihula mõisa veevärk
1035,272,Vihula mõisa ujula,935,Vihula mõisa veevärk
1036,272,Vihula mõisa ujula,1670,Vihula mõisa puurkaev kat nr 2499
1037,272,Vihula mõisa ujula,1670,Vihula mõisa puurkaev kat nr 2499
1038,272,Vihula mõisa ujula,445,Vihula mõisa ujula bassein
1039,272,Vihula mõisa ujula,445,Vihula mõisa ujula bassein
1040,271,Viiking Saaga vee- ja saunakeskus (E-korpus),441,Viiking Saaga suur bassein
1041,271,Viiking Saaga vee- ja saunakeskus (E-korpus),441,Viiking Saaga suur bassein
1042,271,Viiking Saaga vee- ja saunakeskus (E-korpus),442,Viiking Saaga soojavee bassein
1043,271,Viiking Saaga vee- ja saunakeskus (E-korpus),442,Viiking Saaga soojavee bassein
1044,271,Viiking Saaga vee- ja saunakeskus (E-korpus),440,Viiking Saaga Jaapani bassein
1045,271,Viiking Saaga vee- ja saunakeskus (E-korpus),440,Viiking Saaga Jaapani bassein
1046,188,Viimsi Keskkooli Spordikompleks,284,Viimsi Kooli bassein
1047,188,Viimsi Keskkooli Spordikompleks,284,Viimsi Kooli bassein
1048,276,Viimsi SPA 18+,546,Viimsi SPA 18+ külm bassein
1049,276,Viimsi SPA 18+,546,Viimsi SPA 18+ külm bassein
1050,276,Viimsi SPA 18+,460,Viimsi SPA 18+ Suur bassein
1051,276,Viimsi SPA 18+,460,Viimsi SPA 18+ Suur bassein
1052,276,Viimsi SPA 18+,462,Viimsi SPA 18+ Jaapani vann
1053,276,Viimsi SPA 18+,462,Viimsi SPA 18+ Jaapani vann
1054,276,Viimsi SPA 18+,461,Viimsi SPA 18+ Mullivann
1055,276,Viimsi SPA 18+,461,Viimsi SPA 18+ Mullivann
1056,275,Viimsi SPA Saunakeskus,458,Viimsi SPA Saunakeskus Mullivann
1057,275,Viimsi SPA Saunakeskus,458,Viimsi SPA Saunakeskus Mullivann
1058,275,Viimsi SPA Saunakeskus,457,Viimsi SPA Saunakeskus Suur bassein
1059,275,Viimsi SPA Saunakeskus,457,Viimsi SPA Saunakeskus Suur bassein
1060,275,Viimsi SPA Saunakeskus,459,Viimsi SPA Saunakeskus Välibassein
1061,275,Viimsi SPA Saunakeskus,459,Viimsi SPA Saunakeskus Välibassein
1062,275,Viimsi SPA Saunakeskus,455,Viimsi SPA Saunakeskus Beebibassein
1063,275,Viimsi SPA Saunakeskus,455,Viimsi SPA Saunakeskus Beebibassein
1064,275,Viimsi SPA Saunakeskus,456,Viimsi SPA Saunakeskus Lesila
1065,275,Viimsi SPA Saunakeskus,456,Viimsi SPA Saunakeskus Lesila
1066,274,Viimsi SPA Spordiklubi ujula,453,Viimsi SPA Spordiklubi lastebassein
1067,274,Viimsi SPA Spordiklubi ujula,453,Viimsi SPA Spordiklubi lastebassein
1068,274,Viimsi SPA Spordiklubi ujula,454,Viimsi SPA Spordiklubi mullivann
1069,274,Viimsi SPA Spordiklubi ujula,454,Viimsi SPA Spordiklubi mullivann
1070,274,Viimsi SPA Spordiklubi ujula,452,Viimsi SPA Spordiklubi suur bassein
1071,274,Viimsi SPA Spordiklubi ujula,452,Viimsi SPA Spordiklubi suur bassein
1072,166,Viljandi Jakobsoni kooli ujula,233,Viljandi Jakobsoni kooli bassein
1073,166,Viljandi Jakobsoni kooli ujula,233,Viljandi Jakobsoni kooli bassein
1074,202,Vinni Spordikompleksi ujula,1307,Vinni aleviku veevärk
1075,202,Vinni Spordikompleksi ujula,1307,Vinni aleviku veevärk
1076,202,Vinni Spordikompleksi ujula,305,Vinni Spordikompleksi suur bassein
1077,202,Vinni Spordikompleksi ujula,305,Vinni Spordikompleksi suur bassein
1078,202,Vinni Spordikompleksi ujula,306,Vinni Spordikompleksi lastebassein
1079,202,Vinni Spordikompleksi ujula,306,Vinni Spordikompleksi lastebassein
1080,86,Võru Lasteaia Punamütsike ujula,107,Võru Lasteaed Punamütsike bassein
1081,86,Võru Lasteaia Punamütsike ujula,107,Võru Lasteaed Punamütsike bassein
1082,286,vSpa Vee- ja saunamaailm,498,vSpa Jaapani bassein
1083,286,vSpa Vee- ja saunamaailm,498,vSpa Jaapani bassein
1084,286,vSpa Vee- ja saunamaailm,496,Lõõgastusbassein
1085,286,vSpa Vee- ja saunamaailm,496,Lõõgastusbassein
1086,286,vSpa Vee- ja saunamaailm,510,vSpa külma vee veesilm
1087,286,vSpa Vee- ja saunamaailm,510,vSpa külma vee veesilm
1088,286,vSpa Vee- ja saunamaailm,495,vSpa lastebassein
1089,286,vSpa Vee- ja saunamaailm,495,vSpa lastebassein
1090,286,vSpa Vee- ja saunamaailm,499,vSpa soola bassein
1091,286,vSpa Vee- ja saunamaailm,499,vSpa soola bassein
1092,286,vSpa Vee- ja saunamaailm,512,vSpa väikelaste bassein
1093,286,vSpa Vee- ja saunamaailm,512,vSpa väikelaste bassein
1094,286,vSpa Vee- ja saunamaailm,511,vSpa mullivannid
1095,286,vSpa Vee- ja saunamaailm,511,vSpa mullivannid
1096,286,vSpa Vee- ja saunamaailm,574,Lõõgastusbassein
1097,286,vSpa Vee- ja saunamaailm,574,Lõõgastusbassein
1098,286,vSpa Vee- ja saunamaailm,497,vSpa väikelaste bassein (anuleeritud)
1099,286,vSpa Vee- ja saunamaailm,497,vSpa väikelaste bassein (anuleeritud)
1100,264,Vudila Mängumaa väliujula,424,Vudila Mängumaa välibassein suure liumäega
1101,264,Vudila Mängumaa väliujula,424,Vudila Mängumaa välibassein suure liumäega
1102,264,Vudila Mängumaa väliujula,478,Vudila Mängumaa välibassein väikelastele
1103,264,Vudila Mängumaa väliujula,478,Vudila Mängumaa välibassein väikelastele
1104,320,Wasa Resort Spaa,611,Wasa mullivann
1105,320,Wasa Resort Spaa,611,Wasa mullivann
1106,320,Wasa Resort Spaa,610,Wasa suur bassein
1107,320,Wasa Resort Spaa,610,Wasa suur bassein
